Event,Detector,WindowType,Domain,Constant,Count
151008-v1,H1,LEGACY_120s,AMP_P2P,Golden Ratio,392
151008-v1,H1,LEGACY_120s,AMP_P2D,Golden Ratio,0
151008-v1,H1,LEGACY_120s,AMP_D2D,Golden Ratio,383
151008-v1,H1,LEGACY_120s,AMP_P2P,Phi Squared,57
151008-v1,H1,LEGACY_120s,AMP_P2D,Phi Squared,0
151008-v1,H1,LEGACY_120s,AMP_D2D,Phi Squared,64
151008-v1,H1,LEGACY_120s,AMP_P2P,Pi,35
151008-v1,H1,LEGACY_120s,AMP_P2D,Pi,0
151008-v1,H1,LEGACY_120s,AMP_D2D,Pi,35
151008-v1,H1,LEGACY_120s,AMP_P2P,Two Pi,9
151008-v1,H1,LEGACY_120s,AMP_P2D,Two Pi,0
151008-v1,H1,LEGACY_120s,AMP_D2D,Two Pi,1
151008-v1,H1,LEGACY_120s,AMP_P2P,Euler’s Number,58
151008-v1,H1,LEGACY_120s,AMP_P2D,Euler’s Number,0
151008-v1,H1,LEGACY_120s,AMP_D2D,Euler’s Number,50
151008-v1,H1,LEGACY_120s,AMP_P2P,Euler–Mascheroni Constant,826
151008-v1,H1,LEGACY_120s,AMP_P2D,Euler–Mascheroni Constant,0
151008-v1,H1,LEGACY_120s,AMP_D2D,Euler–Mascheroni Constant,794
151008-v1,H1,LEGACY_120s,AMP_P2P,Square Root of 2,788
151008-v1,H1,LEGACY_120s,AMP_P2D,Square Root of 2,0
151008-v1,H1,LEGACY_120s,AMP_D2D,Square Root of 2,812
151008-v1,H1,LEGACY_120s,AMP_P2P,Square Root of 3,265
151008-v1,H1,LEGACY_120s,AMP_P2D,Square Root of 3,0
151008-v1,H1,LEGACY_120s,AMP_D2D,Square Root of 3,262
151008-v1,H1,LEGACY_120s,AMP_P2P,Square Root of 5,105
151008-v1,H1,LEGACY_120s,AMP_P2D,Square Root of 5,0
151008-v1,H1,LEGACY_120s,AMP_D2D,Square Root of 5,89
151008-v1,H1,LEGACY_120s,AMP_P2P,Golden Ratio Conjugate,965
151008-v1,H1,LEGACY_120s,AMP_P2D,Golden Ratio Conjugate,0
151008-v1,H1,LEGACY_120s,AMP_D2D,Golden Ratio Conjugate,951
151008-v1,H1,LEGACY_120s,AMP_P2P,Plastic Constant,1225
151008-v1,H1,LEGACY_120s,AMP_P2D,Plastic Constant,0
151008-v1,H1,LEGACY_120s,AMP_D2D,Plastic Constant,1296
151008-v1,H1,LEGACY_120s,AMP_P2P,Apéry’s Constant (zeta(3)),3114
151008-v1,H1,LEGACY_120s,AMP_P2D,Apéry’s Constant (zeta(3)),0
151008-v1,H1,LEGACY_120s,AMP_D2D,Apéry’s Constant (zeta(3)),3291
151008-v1,H1,LEGACY_120s,AMP_P2P,Catalan’s Constant,15950
151008-v1,H1,LEGACY_120s,AMP_P2D,Catalan’s Constant,0
151008-v1,H1,LEGACY_120s,AMP_D2D,Catalan’s Constant,15490
151008-v1,H1,LEGACY_120s,AMP_P2P,Feigenbaum Delta,14
151008-v1,H1,LEGACY_120s,AMP_P2D,Feigenbaum Delta,0
151008-v1,H1,LEGACY_120s,AMP_D2D,Feigenbaum Delta,17
151008-v1,H1,LEGACY_120s,AMP_P2P,Feigenbaum Alpha,72
151008-v1,H1,LEGACY_120s,AMP_P2D,Feigenbaum Alpha,0
151008-v1,H1,LEGACY_120s,AMP_D2D,Feigenbaum Alpha,66
151008-v1,H1,LEGACY_120s,AMP_P2P,Khinchin’s Constant,59
151008-v1,H1,LEGACY_120s,AMP_P2D,Khinchin’s Constant,0
151008-v1,H1,LEGACY_120s,AMP_D2D,Khinchin’s Constant,54
151008-v1,H1,LEGACY_120s,AMP_P2P,Planck Length (m),104
151008-v1,H1,LEGACY_120s,AMP_P2D,Planck Length (m),2330
151008-v1,H1,LEGACY_120s,AMP_D2D,Planck Length (m),109
151008-v1,H1,LEGACY_120s,AMP_P2P,Planck Time (s),104
151008-v1,H1,LEGACY_120s,AMP_P2D,Planck Time (s),2330
151008-v1,H1,LEGACY_120s,AMP_D2D,Planck Time (s),109
151008-v1,H1,LEGACY_120s,AMP_P2P,Planck Mass (kg),104
151008-v1,H1,LEGACY_120s,AMP_P2D,Planck Mass (kg),2330
151008-v1,H1,LEGACY_120s,AMP_D2D,Planck Mass (kg),109
151008-v1,H1,LEGACY_120s,AMP_P2P,Planck Charge (C),104
151008-v1,H1,LEGACY_120s,AMP_P2D,Planck Charge (C),2330
151008-v1,H1,LEGACY_120s,AMP_D2D,Planck Charge (C),109
151008-v1,H1,LEGACY_120s,AMP_P2P,Planck Temperature (K),0
151008-v1,H1,LEGACY_120s,AMP_P2D,Planck Temperature (K),0
151008-v1,H1,LEGACY_120s,AMP_D2D,Planck Temperature (K),0
151008-v1,H1,LEGACY_120s,AMP_P2P,Absolute Zero (K),104
151008-v1,H1,LEGACY_120s,AMP_P2D,Absolute Zero (K),2330
151008-v1,H1,LEGACY_120s,AMP_D2D,Absolute Zero (K),109
151008-v1,H1,LEGACY_120s,AMP_P2P,Cosmic Microwave Background Temp (K),57
151008-v1,H1,LEGACY_120s,AMP_P2D,Cosmic Microwave Background Temp (K),0
151008-v1,H1,LEGACY_120s,AMP_D2D,Cosmic Microwave Background Temp (K),53
151008-v1,H1,LEGACY_120s,AMP_P2P,Boltzmann Constant (J/K),104
151008-v1,H1,LEGACY_120s,AMP_P2D,Boltzmann Constant (J/K),2330
151008-v1,H1,LEGACY_120s,AMP_D2D,Boltzmann Constant (J/K),109
151008-v1,H1,LEGACY_120s,AMP_P2P,Avogadro Constant (1/mol),0
151008-v1,H1,LEGACY_120s,AMP_P2D,Avogadro Constant (1/mol),0
151008-v1,H1,LEGACY_120s,AMP_D2D,Avogadro Constant (1/mol),0
151008-v1,H1,LEGACY_120s,AMP_P2P,Gas Constant R (J/(mol·K)),2
151008-v1,H1,LEGACY_120s,AMP_P2D,Gas Constant R (J/(mol·K)),0
151008-v1,H1,LEGACY_120s,AMP_D2D,Gas Constant R (J/(mol·K)),10
151008-v1,H1,LEGACY_120s,AMP_P2P,Fine-Structure Constant,119
151008-v1,H1,LEGACY_120s,AMP_P2D,Fine-Structure Constant,2014
151008-v1,H1,LEGACY_120s,AMP_D2D,Fine-Structure Constant,126
151008-v1,H1,LEGACY_120s,AMP_P2P,Gravitational Constant (m^3 kg^-1 s^-2),104
151008-v1,H1,LEGACY_120s,AMP_P2D,Gravitational Constant (m^3 kg^-1 s^-2),2330
151008-v1,H1,LEGACY_120s,AMP_D2D,Gravitational Constant (m^3 kg^-1 s^-2),109
151008-v1,H1,LEGACY_120s,AMP_P2P,Coulomb Constant (N m^2 C^-2),0
151008-v1,H1,LEGACY_120s,AMP_P2D,Coulomb Constant (N m^2 C^-2),0
151008-v1,H1,LEGACY_120s,AMP_D2D,Coulomb Constant (N m^2 C^-2),0
151008-v1,H1,LEGACY_120s,AMP_P2P,Planck Constant (J·s),104
151008-v1,H1,LEGACY_120s,AMP_P2D,Planck Constant (J·s),2330
151008-v1,H1,LEGACY_120s,AMP_D2D,Planck Constant (J·s),109
151008-v1,H1,LEGACY_120s,AMP_P2P,Reduced Planck Constant (J·s),104
151008-v1,H1,LEGACY_120s,AMP_P2D,Reduced Planck Constant (J·s),2330
151008-v1,H1,LEGACY_120s,AMP_D2D,Reduced Planck Constant (J·s),109
151008-v1,H1,LEGACY_120s,AMP_P2P,Electron Mass (kg),104
151008-v1,H1,LEGACY_120s,AMP_P2D,Electron Mass (kg),2330
151008-v1,H1,LEGACY_120s,AMP_D2D,Electron Mass (kg),109
151008-v1,H1,LEGACY_120s,AMP_P2P,Proton Mass (kg),104
151008-v1,H1,LEGACY_120s,AMP_P2D,Proton Mass (kg),2330
151008-v1,H1,LEGACY_120s,AMP_D2D,Proton Mass (kg),109
151008-v1,H1,LEGACY_120s,AMP_P2P,Neutron Mass (kg),104
151008-v1,H1,LEGACY_120s,AMP_P2D,Neutron Mass (kg),2330
151008-v1,H1,LEGACY_120s,AMP_D2D,Neutron Mass (kg),109
151008-v1,H1,LEGACY_120s,AMP_P2P,Muon Mass (kg),104
151008-v1,H1,LEGACY_120s,AMP_P2D,Muon Mass (kg),2330
151008-v1,H1,LEGACY_120s,AMP_D2D,Muon Mass (kg),109
151008-v1,H1,LEGACY_120s,AMP_P2P,Tau Mass (kg),104
151008-v1,H1,LEGACY_120s,AMP_P2D,Tau Mass (kg),2330
151008-v1,H1,LEGACY_120s,AMP_D2D,Tau Mass (kg),109
151008-v1,H1,LEGACY_120s,AMP_P2P,Elementary Charge (C),104
151008-v1,H1,LEGACY_120s,AMP_P2D,Elementary Charge (C),2330
151008-v1,H1,LEGACY_120s,AMP_D2D,Elementary Charge (C),109
151008-v1,H1,LEGACY_120s,AMP_P2P,Speed of Light (m/s),0
151008-v1,H1,LEGACY_120s,AMP_P2D,Speed of Light (m/s),0
151008-v1,H1,LEGACY_120s,AMP_D2D,Speed of Light (m/s),0
151008-v1,H1,LEGACY_120s,AMP_P2P,Hubble Constant (km/s/Mpc),0
151008-v1,H1,LEGACY_120s,AMP_P2D,Hubble Constant (km/s/Mpc),0
151008-v1,H1,LEGACY_120s,AMP_D2D,Hubble Constant (km/s/Mpc),0
151008-v1,H1,LEGACY_120s,AMP_P2P,Critical Density (kg/m^3),104
151008-v1,H1,LEGACY_120s,AMP_P2D,Critical Density (kg/m^3),2330
151008-v1,H1,LEGACY_120s,AMP_D2D,Critical Density (kg/m^3),109
151008-v1,H1,LEGACY_120s,AMP_P2P,Baryon-to-Photon Ratio,104
151008-v1,H1,LEGACY_120s,AMP_P2D,Baryon-to-Photon Ratio,2330
151008-v1,H1,LEGACY_120s,AMP_D2D,Baryon-to-Photon Ratio,109
151008-v1,H1,LEGACY_120s,AMP_P2P,Astronomical Unit (m),0
151008-v1,H1,LEGACY_120s,AMP_P2D,Astronomical Unit (m),0
151008-v1,H1,LEGACY_120s,AMP_D2D,Astronomical Unit (m),0
151008-v1,H1,LEGACY_120s,AMP_P2P,Parsec (m),0
151008-v1,H1,LEGACY_120s,AMP_P2D,Parsec (m),0
151008-v1,H1,LEGACY_120s,AMP_D2D,Parsec (m),0
151008-v1,H1,LEGACY_120s,AMP_P2P,Solar Mass (kg),0
151008-v1,H1,LEGACY_120s,AMP_P2D,Solar Mass (kg),0
151008-v1,H1,LEGACY_120s,AMP_D2D,Solar Mass (kg),0
151008-v1,H1,LEGACY_120s,AMP_P2P,Solar Radius (m),0
151008-v1,H1,LEGACY_120s,AMP_P2D,Solar Radius (m),0
151008-v1,H1,LEGACY_120s,AMP_D2D,Solar Radius (m),0
151008-v1,H1,LEGACY_120s,AMP_P2P,Earth Mass (kg),0
151008-v1,H1,LEGACY_120s,AMP_P2D,Earth Mass (kg),0
151008-v1,H1,LEGACY_120s,AMP_D2D,Earth Mass (kg),0
151008-v1,H1,LEGACY_120s,AMP_P2P,Earth Radius (m),0
151008-v1,H1,LEGACY_120s,AMP_P2D,Earth Radius (m),0
151008-v1,H1,LEGACY_120s,AMP_D2D,Earth Radius (m),0
151012.2-v1,H1,LEGACY_120s,AMP_P2P,Golden Ratio,268
151012.2-v1,H1,LEGACY_120s,AMP_P2D,Golden Ratio,0
151012.2-v1,H1,LEGACY_120s,AMP_D2D,Golden Ratio,243
151012.2-v1,H1,LEGACY_120s,AMP_P2P,Phi Squared,38
151012.2-v1,H1,LEGACY_120s,AMP_P2D,Phi Squared,0
151012.2-v1,H1,LEGACY_120s,AMP_D2D,Phi Squared,50
151012.2-v1,H1,LEGACY_120s,AMP_P2P,Pi,23
151012.2-v1,H1,LEGACY_120s,AMP_P2D,Pi,0
151012.2-v1,H1,LEGACY_120s,AMP_D2D,Pi,34
151012.2-v1,H1,LEGACY_120s,AMP_P2P,Two Pi,8
151012.2-v1,H1,LEGACY_120s,AMP_P2D,Two Pi,0
151012.2-v1,H1,LEGACY_120s,AMP_D2D,Two Pi,2
151012.2-v1,H1,LEGACY_120s,AMP_P2P,Euler’s Number,40
151012.2-v1,H1,LEGACY_120s,AMP_P2D,Euler’s Number,0
151012.2-v1,H1,LEGACY_120s,AMP_D2D,Euler’s Number,43
151012.2-v1,H1,LEGACY_120s,AMP_P2P,Euler–Mascheroni Constant,572
151012.2-v1,H1,LEGACY_120s,AMP_P2D,Euler–Mascheroni Constant,0
151012.2-v1,H1,LEGACY_120s,AMP_D2D,Euler–Mascheroni Constant,553
151012.2-v1,H1,LEGACY_120s,AMP_P2P,Square Root of 2,484
151012.2-v1,H1,LEGACY_120s,AMP_P2D,Square Root of 2,0
151012.2-v1,H1,LEGACY_120s,AMP_D2D,Square Root of 2,553
151012.2-v1,H1,LEGACY_120s,AMP_P2P,Square Root of 3,185
151012.2-v1,H1,LEGACY_120s,AMP_P2D,Square Root of 3,0
151012.2-v1,H1,LEGACY_120s,AMP_D2D,Square Root of 3,183
151012.2-v1,H1,LEGACY_120s,AMP_P2P,Square Root of 5,67
151012.2-v1,H1,LEGACY_120s,AMP_P2D,Square Root of 5,0
151012.2-v1,H1,LEGACY_120s,AMP_D2D,Square Root of 5,58
151012.2-v1,H1,LEGACY_120s,AMP_P2P,Golden Ratio Conjugate,700
151012.2-v1,H1,LEGACY_120s,AMP_P2D,Golden Ratio Conjugate,0
151012.2-v1,H1,LEGACY_120s,AMP_D2D,Golden Ratio Conjugate,668
151012.2-v1,H1,LEGACY_120s,AMP_P2P,Plastic Constant,864
151012.2-v1,H1,LEGACY_120s,AMP_P2D,Plastic Constant,0
151012.2-v1,H1,LEGACY_120s,AMP_D2D,Plastic Constant,841
151012.2-v1,H1,LEGACY_120s,AMP_P2P,Apéry’s Constant (zeta(3)),2169
151012.2-v1,H1,LEGACY_120s,AMP_P2D,Apéry’s Constant (zeta(3)),0
151012.2-v1,H1,LEGACY_120s,AMP_D2D,Apéry’s Constant (zeta(3)),2138
151012.2-v1,H1,LEGACY_120s,AMP_P2P,Catalan’s Constant,12330
151012.2-v1,H1,LEGACY_120s,AMP_P2D,Catalan’s Constant,0
151012.2-v1,H1,LEGACY_120s,AMP_D2D,Catalan’s Constant,12267
151012.2-v1,H1,LEGACY_120s,AMP_P2P,Feigenbaum Delta,12
151012.2-v1,H1,LEGACY_120s,AMP_P2D,Feigenbaum Delta,0
151012.2-v1,H1,LEGACY_120s,AMP_D2D,Feigenbaum Delta,9
151012.2-v1,H1,LEGACY_120s,AMP_P2P,Feigenbaum Alpha,41
151012.2-v1,H1,LEGACY_120s,AMP_P2D,Feigenbaum Alpha,0
151012.2-v1,H1,LEGACY_120s,AMP_D2D,Feigenbaum Alpha,42
151012.2-v1,H1,LEGACY_120s,AMP_P2P,Khinchin’s Constant,36
151012.2-v1,H1,LEGACY_120s,AMP_P2D,Khinchin’s Constant,0
151012.2-v1,H1,LEGACY_120s,AMP_D2D,Khinchin’s Constant,44
151012.2-v1,H1,LEGACY_120s,AMP_P2P,Planck Length (m),93
151012.2-v1,H1,LEGACY_120s,AMP_P2D,Planck Length (m),2200
151012.2-v1,H1,LEGACY_120s,AMP_D2D,Planck Length (m),88
151012.2-v1,H1,LEGACY_120s,AMP_P2P,Planck Time (s),93
151012.2-v1,H1,LEGACY_120s,AMP_P2D,Planck Time (s),2200
151012.2-v1,H1,LEGACY_120s,AMP_D2D,Planck Time (s),88
151012.2-v1,H1,LEGACY_120s,AMP_P2P,Planck Mass (kg),93
151012.2-v1,H1,LEGACY_120s,AMP_P2D,Planck Mass (kg),2200
151012.2-v1,H1,LEGACY_120s,AMP_D2D,Planck Mass (kg),88
151012.2-v1,H1,LEGACY_120s,AMP_P2P,Planck Charge (C),93
151012.2-v1,H1,LEGACY_120s,AMP_P2D,Planck Charge (C),2200
151012.2-v1,H1,LEGACY_120s,AMP_D2D,Planck Charge (C),88
151012.2-v1,H1,LEGACY_120s,AMP_P2P,Planck Temperature (K),0
151012.2-v1,H1,LEGACY_120s,AMP_P2D,Planck Temperature (K),0
151012.2-v1,H1,LEGACY_120s,AMP_D2D,Planck Temperature (K),0
151012.2-v1,H1,LEGACY_120s,AMP_P2P,Absolute Zero (K),93
151012.2-v1,H1,LEGACY_120s,AMP_P2D,Absolute Zero (K),2200
151012.2-v1,H1,LEGACY_120s,AMP_D2D,Absolute Zero (K),88
151012.2-v1,H1,LEGACY_120s,AMP_P2P,Cosmic Microwave Background Temp (K),41
151012.2-v1,H1,LEGACY_120s,AMP_P2D,Cosmic Microwave Background Temp (K),0
151012.2-v1,H1,LEGACY_120s,AMP_D2D,Cosmic Microwave Background Temp (K),45
151012.2-v1,H1,LEGACY_120s,AMP_P2P,Boltzmann Constant (J/K),93
151012.2-v1,H1,LEGACY_120s,AMP_P2D,Boltzmann Constant (J/K),2200
151012.2-v1,H1,LEGACY_120s,AMP_D2D,Boltzmann Constant (J/K),88
151012.2-v1,H1,LEGACY_120s,AMP_P2P,Avogadro Constant (1/mol),0
151012.2-v1,H1,LEGACY_120s,AMP_P2D,Avogadro Constant (1/mol),0
151012.2-v1,H1,LEGACY_120s,AMP_D2D,Avogadro Constant (1/mol),0
151012.2-v1,H1,LEGACY_120s,AMP_P2P,Gas Constant R (J/(mol·K)),2
151012.2-v1,H1,LEGACY_120s,AMP_P2D,Gas Constant R (J/(mol·K)),0
151012.2-v1,H1,LEGACY_120s,AMP_D2D,Gas Constant R (J/(mol·K)),3
151012.2-v1,H1,LEGACY_120s,AMP_P2P,Fine-Structure Constant,103
151012.2-v1,H1,LEGACY_120s,AMP_P2D,Fine-Structure Constant,1877
151012.2-v1,H1,LEGACY_120s,AMP_D2D,Fine-Structure Constant,101
151012.2-v1,H1,LEGACY_120s,AMP_P2P,Gravitational Constant (m^3 kg^-1 s^-2),93
151012.2-v1,H1,LEGACY_120s,AMP_P2D,Gravitational Constant (m^3 kg^-1 s^-2),2200
151012.2-v1,H1,LEGACY_120s,AMP_D2D,Gravitational Constant (m^3 kg^-1 s^-2),88
151012.2-v1,H1,LEGACY_120s,AMP_P2P,Coulomb Constant (N m^2 C^-2),0
151012.2-v1,H1,LEGACY_120s,AMP_P2D,Coulomb Constant (N m^2 C^-2),0
151012.2-v1,H1,LEGACY_120s,AMP_D2D,Coulomb Constant (N m^2 C^-2),0
151012.2-v1,H1,LEGACY_120s,AMP_P2P,Planck Constant (J·s),93
151012.2-v1,H1,LEGACY_120s,AMP_P2D,Planck Constant (J·s),2200
151012.2-v1,H1,LEGACY_120s,AMP_D2D,Planck Constant (J·s),88
151012.2-v1,H1,LEGACY_120s,AMP_P2P,Reduced Planck Constant (J·s),93
151012.2-v1,H1,LEGACY_120s,AMP_P2D,Reduced Planck Constant (J·s),2200
151012.2-v1,H1,LEGACY_120s,AMP_D2D,Reduced Planck Constant (J·s),88
151012.2-v1,H1,LEGACY_120s,AMP_P2P,Electron Mass (kg),93
151012.2-v1,H1,LEGACY_120s,AMP_P2D,Electron Mass (kg),2200
151012.2-v1,H1,LEGACY_120s,AMP_D2D,Electron Mass (kg),88
151012.2-v1,H1,LEGACY_120s,AMP_P2P,Proton Mass (kg),93
151012.2-v1,H1,LEGACY_120s,AMP_P2D,Proton Mass (kg),2200
151012.2-v1,H1,LEGACY_120s,AMP_D2D,Proton Mass (kg),88
151012.2-v1,H1,LEGACY_120s,AMP_P2P,Neutron Mass (kg),93
151012.2-v1,H1,LEGACY_120s,AMP_P2D,Neutron Mass (kg),2200
151012.2-v1,H1,LEGACY_120s,AMP_D2D,Neutron Mass (kg),88
151012.2-v1,H1,LEGACY_120s,AMP_P2P,Muon Mass (kg),93
151012.2-v1,H1,LEGACY_120s,AMP_P2D,Muon Mass (kg),2200
151012.2-v1,H1,LEGACY_120s,AMP_D2D,Muon Mass (kg),88
151012.2-v1,H1,LEGACY_120s,AMP_P2P,Tau Mass (kg),93
151012.2-v1,H1,LEGACY_120s,AMP_P2D,Tau Mass (kg),2200
151012.2-v1,H1,LEGACY_120s,AMP_D2D,Tau Mass (kg),88
151012.2-v1,H1,LEGACY_120s,AMP_P2P,Elementary Charge (C),93
151012.2-v1,H1,LEGACY_120s,AMP_P2D,Elementary Charge (C),2200
151012.2-v1,H1,LEGACY_120s,AMP_D2D,Elementary Charge (C),88
151012.2-v1,H1,LEGACY_120s,AMP_P2P,Speed of Light (m/s),0
151012.2-v1,H1,LEGACY_120s,AMP_P2D,Speed of Light (m/s),0
151012.2-v1,H1,LEGACY_120s,AMP_D2D,Speed of Light (m/s),0
151012.2-v1,H1,LEGACY_120s,AMP_P2P,Hubble Constant (km/s/Mpc),0
151012.2-v1,H1,LEGACY_120s,AMP_P2D,Hubble Constant (km/s/Mpc),0
151012.2-v1,H1,LEGACY_120s,AMP_D2D,Hubble Constant (km/s/Mpc),0
151012.2-v1,H1,LEGACY_120s,AMP_P2P,Critical Density (kg/m^3),93
151012.2-v1,H1,LEGACY_120s,AMP_P2D,Critical Density (kg/m^3),2200
151012.2-v1,H1,LEGACY_120s,AMP_D2D,Critical Density (kg/m^3),88
151012.2-v1,H1,LEGACY_120s,AMP_P2P,Baryon-to-Photon Ratio,93
151012.2-v1,H1,LEGACY_120s,AMP_P2D,Baryon-to-Photon Ratio,2200
151012.2-v1,H1,LEGACY_120s,AMP_D2D,Baryon-to-Photon Ratio,88
151012.2-v1,H1,LEGACY_120s,AMP_P2P,Astronomical Unit (m),0
151012.2-v1,H1,LEGACY_120s,AMP_P2D,Astronomical Unit (m),0
151012.2-v1,H1,LEGACY_120s,AMP_D2D,Astronomical Unit (m),0
151012.2-v1,H1,LEGACY_120s,AMP_P2P,Parsec (m),0
151012.2-v1,H1,LEGACY_120s,AMP_P2D,Parsec (m),0
151012.2-v1,H1,LEGACY_120s,AMP_D2D,Parsec (m),0
151012.2-v1,H1,LEGACY_120s,AMP_P2P,Solar Mass (kg),0
151012.2-v1,H1,LEGACY_120s,AMP_P2D,Solar Mass (kg),0
151012.2-v1,H1,LEGACY_120s,AMP_D2D,Solar Mass (kg),0
151012.2-v1,H1,LEGACY_120s,AMP_P2P,Solar Radius (m),0
151012.2-v1,H1,LEGACY_120s,AMP_P2D,Solar Radius (m),0
151012.2-v1,H1,LEGACY_120s,AMP_D2D,Solar Radius (m),0
151012.2-v1,H1,LEGACY_120s,AMP_P2P,Earth Mass (kg),0
151012.2-v1,H1,LEGACY_120s,AMP_P2D,Earth Mass (kg),0
151012.2-v1,H1,LEGACY_120s,AMP_D2D,Earth Mass (kg),0
151012.2-v1,H1,LEGACY_120s,AMP_P2P,Earth Radius (m),0
151012.2-v1,H1,LEGACY_120s,AMP_P2D,Earth Radius (m),0
151012.2-v1,H1,LEGACY_120s,AMP_D2D,Earth Radius (m),0
151116-v1,H1,LEGACY_120s,AMP_P2P,Golden Ratio,258
151116-v1,H1,LEGACY_120s,AMP_P2D,Golden Ratio,0
151116-v1,H1,LEGACY_120s,AMP_D2D,Golden Ratio,247
151116-v1,H1,LEGACY_120s,AMP_P2P,Phi Squared,46
151116-v1,H1,LEGACY_120s,AMP_P2D,Phi Squared,0
151116-v1,H1,LEGACY_120s,AMP_D2D,Phi Squared,48
151116-v1,H1,LEGACY_120s,AMP_P2P,Pi,29
151116-v1,H1,LEGACY_120s,AMP_P2D,Pi,0
151116-v1,H1,LEGACY_120s,AMP_D2D,Pi,29
151116-v1,H1,LEGACY_120s,AMP_P2P,Two Pi,5
151116-v1,H1,LEGACY_120s,AMP_P2D,Two Pi,0
151116-v1,H1,LEGACY_120s,AMP_D2D,Two Pi,4
151116-v1,H1,LEGACY_120s,AMP_P2P,Euler’s Number,49
151116-v1,H1,LEGACY_120s,AMP_P2D,Euler’s Number,0
151116-v1,H1,LEGACY_120s,AMP_D2D,Euler’s Number,37
151116-v1,H1,LEGACY_120s,AMP_P2P,Euler–Mascheroni Constant,578
151116-v1,H1,LEGACY_120s,AMP_P2D,Euler–Mascheroni Constant,0
151116-v1,H1,LEGACY_120s,AMP_D2D,Euler–Mascheroni Constant,589
151116-v1,H1,LEGACY_120s,AMP_P2P,Square Root of 2,581
151116-v1,H1,LEGACY_120s,AMP_P2D,Square Root of 2,0
151116-v1,H1,LEGACY_120s,AMP_D2D,Square Root of 2,538
151116-v1,H1,LEGACY_120s,AMP_P2P,Square Root of 3,205
151116-v1,H1,LEGACY_120s,AMP_P2D,Square Root of 3,0
151116-v1,H1,LEGACY_120s,AMP_D2D,Square Root of 3,194
151116-v1,H1,LEGACY_120s,AMP_P2P,Square Root of 5,76
151116-v1,H1,LEGACY_120s,AMP_P2D,Square Root of 5,0
151116-v1,H1,LEGACY_120s,AMP_D2D,Square Root of 5,64
151116-v1,H1,LEGACY_120s,AMP_P2P,Golden Ratio Conjugate,724
151116-v1,H1,LEGACY_120s,AMP_P2D,Golden Ratio Conjugate,0
151116-v1,H1,LEGACY_120s,AMP_D2D,Golden Ratio Conjugate,708
151116-v1,H1,LEGACY_120s,AMP_P2P,Plastic Constant,854
151116-v1,H1,LEGACY_120s,AMP_P2D,Plastic Constant,0
151116-v1,H1,LEGACY_120s,AMP_D2D,Plastic Constant,912
151116-v1,H1,LEGACY_120s,AMP_P2P,Apéry’s Constant (zeta(3)),2335
151116-v1,H1,LEGACY_120s,AMP_P2D,Apéry’s Constant (zeta(3)),0
151116-v1,H1,LEGACY_120s,AMP_D2D,Apéry’s Constant (zeta(3)),2324
151116-v1,H1,LEGACY_120s,AMP_P2P,Catalan’s Constant,12982
151116-v1,H1,LEGACY_120s,AMP_P2D,Catalan’s Constant,0
151116-v1,H1,LEGACY_120s,AMP_D2D,Catalan’s Constant,12909
151116-v1,H1,LEGACY_120s,AMP_P2P,Feigenbaum Delta,7
151116-v1,H1,LEGACY_120s,AMP_P2D,Feigenbaum Delta,0
151116-v1,H1,LEGACY_120s,AMP_D2D,Feigenbaum Delta,9
151116-v1,H1,LEGACY_120s,AMP_P2P,Feigenbaum Alpha,36
151116-v1,H1,LEGACY_120s,AMP_P2D,Feigenbaum Alpha,0
151116-v1,H1,LEGACY_120s,AMP_D2D,Feigenbaum Alpha,50
151116-v1,H1,LEGACY_120s,AMP_P2P,Khinchin’s Constant,49
151116-v1,H1,LEGACY_120s,AMP_P2D,Khinchin’s Constant,0
151116-v1,H1,LEGACY_120s,AMP_D2D,Khinchin’s Constant,39
151116-v1,H1,LEGACY_120s,AMP_P2P,Planck Length (m),95
151116-v1,H1,LEGACY_120s,AMP_P2D,Planck Length (m),2055
151116-v1,H1,LEGACY_120s,AMP_D2D,Planck Length (m),91
151116-v1,H1,LEGACY_120s,AMP_P2P,Planck Time (s),95
151116-v1,H1,LEGACY_120s,AMP_P2D,Planck Time (s),2055
151116-v1,H1,LEGACY_120s,AMP_D2D,Planck Time (s),91
151116-v1,H1,LEGACY_120s,AMP_P2P,Planck Mass (kg),95
151116-v1,H1,LEGACY_120s,AMP_P2D,Planck Mass (kg),2055
151116-v1,H1,LEGACY_120s,AMP_D2D,Planck Mass (kg),91
151116-v1,H1,LEGACY_120s,AMP_P2P,Planck Charge (C),95
151116-v1,H1,LEGACY_120s,AMP_P2D,Planck Charge (C),2055
151116-v1,H1,LEGACY_120s,AMP_D2D,Planck Charge (C),91
151116-v1,H1,LEGACY_120s,AMP_P2P,Planck Temperature (K),0
151116-v1,H1,LEGACY_120s,AMP_P2D,Planck Temperature (K),0
151116-v1,H1,LEGACY_120s,AMP_D2D,Planck Temperature (K),0
151116-v1,H1,LEGACY_120s,AMP_P2P,Absolute Zero (K),95
151116-v1,H1,LEGACY_120s,AMP_P2D,Absolute Zero (K),2055
151116-v1,H1,LEGACY_120s,AMP_D2D,Absolute Zero (K),91
151116-v1,H1,LEGACY_120s,AMP_P2P,Cosmic Microwave Background Temp (K),51
151116-v1,H1,LEGACY_120s,AMP_P2D,Cosmic Microwave Background Temp (K),0
151116-v1,H1,LEGACY_120s,AMP_D2D,Cosmic Microwave Background Temp (K),37
151116-v1,H1,LEGACY_120s,AMP_P2P,Boltzmann Constant (J/K),95
151116-v1,H1,LEGACY_120s,AMP_P2D,Boltzmann Constant (J/K),2055
151116-v1,H1,LEGACY_120s,AMP_D2D,Boltzmann Constant (J/K),91
151116-v1,H1,LEGACY_120s,AMP_P2P,Avogadro Constant (1/mol),0
151116-v1,H1,LEGACY_120s,AMP_P2D,Avogadro Constant (1/mol),0
151116-v1,H1,LEGACY_120s,AMP_D2D,Avogadro Constant (1/mol),0
151116-v1,H1,LEGACY_120s,AMP_P2P,Gas Constant R (J/(mol·K)),4
151116-v1,H1,LEGACY_120s,AMP_P2D,Gas Constant R (J/(mol·K)),0
151116-v1,H1,LEGACY_120s,AMP_D2D,Gas Constant R (J/(mol·K)),5
151116-v1,H1,LEGACY_120s,AMP_P2P,Fine-Structure Constant,109
151116-v1,H1,LEGACY_120s,AMP_P2D,Fine-Structure Constant,1773
151116-v1,H1,LEGACY_120s,AMP_D2D,Fine-Structure Constant,103
151116-v1,H1,LEGACY_120s,AMP_P2P,Gravitational Constant (m^3 kg^-1 s^-2),95
151116-v1,H1,LEGACY_120s,AMP_P2D,Gravitational Constant (m^3 kg^-1 s^-2),2055
151116-v1,H1,LEGACY_120s,AMP_D2D,Gravitational Constant (m^3 kg^-1 s^-2),91
151116-v1,H1,LEGACY_120s,AMP_P2P,Coulomb Constant (N m^2 C^-2),0
151116-v1,H1,LEGACY_120s,AMP_P2D,Coulomb Constant (N m^2 C^-2),0
151116-v1,H1,LEGACY_120s,AMP_D2D,Coulomb Constant (N m^2 C^-2),0
151116-v1,H1,LEGACY_120s,AMP_P2P,Planck Constant (J·s),95
151116-v1,H1,LEGACY_120s,AMP_P2D,Planck Constant (J·s),2055
151116-v1,H1,LEGACY_120s,AMP_D2D,Planck Constant (J·s),91
151116-v1,H1,LEGACY_120s,AMP_P2P,Reduced Planck Constant (J·s),95
151116-v1,H1,LEGACY_120s,AMP_P2D,Reduced Planck Constant (J·s),2055
151116-v1,H1,LEGACY_120s,AMP_D2D,Reduced Planck Constant (J·s),91
151116-v1,H1,LEGACY_120s,AMP_P2P,Electron Mass (kg),95
151116-v1,H1,LEGACY_120s,AMP_P2D,Electron Mass (kg),2055
151116-v1,H1,LEGACY_120s,AMP_D2D,Electron Mass (kg),91
151116-v1,H1,LEGACY_120s,AMP_P2P,Proton Mass (kg),95
151116-v1,H1,LEGACY_120s,AMP_P2D,Proton Mass (kg),2055
151116-v1,H1,LEGACY_120s,AMP_D2D,Proton Mass (kg),91
151116-v1,H1,LEGACY_120s,AMP_P2P,Neutron Mass (kg),95
151116-v1,H1,LEGACY_120s,AMP_P2D,Neutron Mass (kg),2055
151116-v1,H1,LEGACY_120s,AMP_D2D,Neutron Mass (kg),91
151116-v1,H1,LEGACY_120s,AMP_P2P,Muon Mass (kg),95
151116-v1,H1,LEGACY_120s,AMP_P2D,Muon Mass (kg),2055
151116-v1,H1,LEGACY_120s,AMP_D2D,Muon Mass (kg),91
151116-v1,H1,LEGACY_120s,AMP_P2P,Tau Mass (kg),95
151116-v1,H1,LEGACY_120s,AMP_P2D,Tau Mass (kg),2055
151116-v1,H1,LEGACY_120s,AMP_D2D,Tau Mass (kg),91
151116-v1,H1,LEGACY_120s,AMP_P2P,Elementary Charge (C),95
151116-v1,H1,LEGACY_120s,AMP_P2D,Elementary Charge (C),2055
151116-v1,H1,LEGACY_120s,AMP_D2D,Elementary Charge (C),91
151116-v1,H1,LEGACY_120s,AMP_P2P,Speed of Light (m/s),0
151116-v1,H1,LEGACY_120s,AMP_P2D,Speed of Light (m/s),0
151116-v1,H1,LEGACY_120s,AMP_D2D,Speed of Light (m/s),0
151116-v1,H1,LEGACY_120s,AMP_P2P,Hubble Constant (km/s/Mpc),0
151116-v1,H1,LEGACY_120s,AMP_P2D,Hubble Constant (km/s/Mpc),0
151116-v1,H1,LEGACY_120s,AMP_D2D,Hubble Constant (km/s/Mpc),0
151116-v1,H1,LEGACY_120s,AMP_P2P,Critical Density (kg/m^3),95
151116-v1,H1,LEGACY_120s,AMP_P2D,Critical Density (kg/m^3),2055
151116-v1,H1,LEGACY_120s,AMP_D2D,Critical Density (kg/m^3),91
151116-v1,H1,LEGACY_120s,AMP_P2P,Baryon-to-Photon Ratio,95
151116-v1,H1,LEGACY_120s,AMP_P2D,Baryon-to-Photon Ratio,2055
151116-v1,H1,LEGACY_120s,AMP_D2D,Baryon-to-Photon Ratio,91
151116-v1,H1,LEGACY_120s,AMP_P2P,Astronomical Unit (m),0
151116-v1,H1,LEGACY_120s,AMP_P2D,Astronomical Unit (m),0
151116-v1,H1,LEGACY_120s,AMP_D2D,Astronomical Unit (m),0
151116-v1,H1,LEGACY_120s,AMP_P2P,Parsec (m),0
151116-v1,H1,LEGACY_120s,AMP_P2D,Parsec (m),0
151116-v1,H1,LEGACY_120s,AMP_D2D,Parsec (m),0
151116-v1,H1,LEGACY_120s,AMP_P2P,Solar Mass (kg),0
151116-v1,H1,LEGACY_120s,AMP_P2D,Solar Mass (kg),0
151116-v1,H1,LEGACY_120s,AMP_D2D,Solar Mass (kg),0
151116-v1,H1,LEGACY_120s,AMP_P2P,Solar Radius (m),0
151116-v1,H1,LEGACY_120s,AMP_P2D,Solar Radius (m),0
151116-v1,H1,LEGACY_120s,AMP_D2D,Solar Radius (m),0
151116-v1,H1,LEGACY_120s,AMP_P2P,Earth Mass (kg),0
151116-v1,H1,LEGACY_120s,AMP_P2D,Earth Mass (kg),0
151116-v1,H1,LEGACY_120s,AMP_D2D,Earth Mass (kg),0
151116-v1,H1,LEGACY_120s,AMP_P2P,Earth Radius (m),0
151116-v1,H1,LEGACY_120s,AMP_P2D,Earth Radius (m),0
151116-v1,H1,LEGACY_120s,AMP_D2D,Earth Radius (m),0
161202-v1,H1,LEGACY_120s,AMP_P2P,Golden Ratio,325
161202-v1,H1,LEGACY_120s,AMP_P2D,Golden Ratio,0
161202-v1,H1,LEGACY_120s,AMP_D2D,Golden Ratio,311
161202-v1,H1,LEGACY_120s,AMP_P2P,Phi Squared,45
161202-v1,H1,LEGACY_120s,AMP_P2D,Phi Squared,0
161202-v1,H1,LEGACY_120s,AMP_D2D,Phi Squared,50
161202-v1,H1,LEGACY_120s,AMP_P2P,Pi,32
161202-v1,H1,LEGACY_120s,AMP_P2D,Pi,0
161202-v1,H1,LEGACY_120s,AMP_D2D,Pi,37
161202-v1,H1,LEGACY_120s,AMP_P2P,Two Pi,6
161202-v1,H1,LEGACY_120s,AMP_P2D,Two Pi,0
161202-v1,H1,LEGACY_120s,AMP_D2D,Two Pi,1
161202-v1,H1,LEGACY_120s,AMP_P2P,Euler’s Number,53
161202-v1,H1,LEGACY_120s,AMP_P2D,Euler’s Number,0
161202-v1,H1,LEGACY_120s,AMP_D2D,Euler’s Number,46
161202-v1,H1,LEGACY_120s,AMP_P2P,Euler–Mascheroni Constant,728
161202-v1,H1,LEGACY_120s,AMP_P2D,Euler–Mascheroni Constant,0
161202-v1,H1,LEGACY_120s,AMP_D2D,Euler–Mascheroni Constant,662
161202-v1,H1,LEGACY_120s,AMP_P2P,Square Root of 2,652
161202-v1,H1,LEGACY_120s,AMP_P2D,Square Root of 2,0
161202-v1,H1,LEGACY_120s,AMP_D2D,Square Root of 2,687
161202-v1,H1,LEGACY_120s,AMP_P2P,Square Root of 3,213
161202-v1,H1,LEGACY_120s,AMP_P2D,Square Root of 3,0
161202-v1,H1,LEGACY_120s,AMP_D2D,Square Root of 3,220
161202-v1,H1,LEGACY_120s,AMP_P2P,Square Root of 5,97
161202-v1,H1,LEGACY_120s,AMP_P2D,Square Root of 5,0
161202-v1,H1,LEGACY_120s,AMP_D2D,Square Root of 5,72
161202-v1,H1,LEGACY_120s,AMP_P2P,Golden Ratio Conjugate,824
161202-v1,H1,LEGACY_120s,AMP_P2D,Golden Ratio Conjugate,0
161202-v1,H1,LEGACY_120s,AMP_D2D,Golden Ratio Conjugate,786
161202-v1,H1,LEGACY_120s,AMP_P2P,Plastic Constant,1121
161202-v1,H1,LEGACY_120s,AMP_P2D,Plastic Constant,0
161202-v1,H1,LEGACY_120s,AMP_D2D,Plastic Constant,1117
161202-v1,H1,LEGACY_120s,AMP_P2P,Apéry’s Constant (zeta(3)),2796
161202-v1,H1,LEGACY_120s,AMP_P2D,Apéry’s Constant (zeta(3)),0
161202-v1,H1,LEGACY_120s,AMP_D2D,Apéry’s Constant (zeta(3)),2827
161202-v1,H1,LEGACY_120s,AMP_P2P,Catalan’s Constant,16079
161202-v1,H1,LEGACY_120s,AMP_P2D,Catalan’s Constant,0
161202-v1,H1,LEGACY_120s,AMP_D2D,Catalan’s Constant,16293
161202-v1,H1,LEGACY_120s,AMP_P2P,Feigenbaum Delta,6
161202-v1,H1,LEGACY_120s,AMP_P2D,Feigenbaum Delta,0
161202-v1,H1,LEGACY_120s,AMP_D2D,Feigenbaum Delta,10
161202-v1,H1,LEGACY_120s,AMP_P2P,Feigenbaum Alpha,62
161202-v1,H1,LEGACY_120s,AMP_P2D,Feigenbaum Alpha,0
161202-v1,H1,LEGACY_120s,AMP_D2D,Feigenbaum Alpha,58
161202-v1,H1,LEGACY_120s,AMP_P2P,Khinchin’s Constant,57
161202-v1,H1,LEGACY_120s,AMP_P2D,Khinchin’s Constant,0
161202-v1,H1,LEGACY_120s,AMP_D2D,Khinchin’s Constant,52
161202-v1,H1,LEGACY_120s,AMP_P2P,Planck Length (m),88
161202-v1,H1,LEGACY_120s,AMP_P2D,Planck Length (m),1587
161202-v1,H1,LEGACY_120s,AMP_D2D,Planck Length (m),109
161202-v1,H1,LEGACY_120s,AMP_P2P,Planck Time (s),88
161202-v1,H1,LEGACY_120s,AMP_P2D,Planck Time (s),1587
161202-v1,H1,LEGACY_120s,AMP_D2D,Planck Time (s),109
161202-v1,H1,LEGACY_120s,AMP_P2P,Planck Mass (kg),88
161202-v1,H1,LEGACY_120s,AMP_P2D,Planck Mass (kg),1587
161202-v1,H1,LEGACY_120s,AMP_D2D,Planck Mass (kg),109
161202-v1,H1,LEGACY_120s,AMP_P2P,Planck Charge (C),88
161202-v1,H1,LEGACY_120s,AMP_P2D,Planck Charge (C),1587
161202-v1,H1,LEGACY_120s,AMP_D2D,Planck Charge (C),109
161202-v1,H1,LEGACY_120s,AMP_P2P,Planck Temperature (K),0
161202-v1,H1,LEGACY_120s,AMP_P2D,Planck Temperature (K),0
161202-v1,H1,LEGACY_120s,AMP_D2D,Planck Temperature (K),0
161202-v1,H1,LEGACY_120s,AMP_P2P,Absolute Zero (K),88
161202-v1,H1,LEGACY_120s,AMP_P2D,Absolute Zero (K),1587
161202-v1,H1,LEGACY_120s,AMP_D2D,Absolute Zero (K),109
161202-v1,H1,LEGACY_120s,AMP_P2P,Cosmic Microwave Background Temp (K),54
161202-v1,H1,LEGACY_120s,AMP_P2D,Cosmic Microwave Background Temp (K),0
161202-v1,H1,LEGACY_120s,AMP_D2D,Cosmic Microwave Background Temp (K),48
161202-v1,H1,LEGACY_120s,AMP_P2P,Boltzmann Constant (J/K),88
161202-v1,H1,LEGACY_120s,AMP_P2D,Boltzmann Constant (J/K),1587
161202-v1,H1,LEGACY_120s,AMP_D2D,Boltzmann Constant (J/K),109
161202-v1,H1,LEGACY_120s,AMP_P2P,Avogadro Constant (1/mol),0
161202-v1,H1,LEGACY_120s,AMP_P2D,Avogadro Constant (1/mol),0
161202-v1,H1,LEGACY_120s,AMP_D2D,Avogadro Constant (1/mol),0
161202-v1,H1,LEGACY_120s,AMP_P2P,Gas Constant R (J/(mol·K)),4
161202-v1,H1,LEGACY_120s,AMP_P2D,Gas Constant R (J/(mol·K)),0
161202-v1,H1,LEGACY_120s,AMP_D2D,Gas Constant R (J/(mol·K)),5
161202-v1,H1,LEGACY_120s,AMP_P2P,Fine-Structure Constant,103
161202-v1,H1,LEGACY_120s,AMP_P2D,Fine-Structure Constant,1338
161202-v1,H1,LEGACY_120s,AMP_D2D,Fine-Structure Constant,128
161202-v1,H1,LEGACY_120s,AMP_P2P,Gravitational Constant (m^3 kg^-1 s^-2),88
161202-v1,H1,LEGACY_120s,AMP_P2D,Gravitational Constant (m^3 kg^-1 s^-2),1587
161202-v1,H1,LEGACY_120s,AMP_D2D,Gravitational Constant (m^3 kg^-1 s^-2),109
161202-v1,H1,LEGACY_120s,AMP_P2P,Coulomb Constant (N m^2 C^-2),0
161202-v1,H1,LEGACY_120s,AMP_P2D,Coulomb Constant (N m^2 C^-2),0
161202-v1,H1,LEGACY_120s,AMP_D2D,Coulomb Constant (N m^2 C^-2),0
161202-v1,H1,LEGACY_120s,AMP_P2P,Planck Constant (J·s),88
161202-v1,H1,LEGACY_120s,AMP_P2D,Planck Constant (J·s),1587
161202-v1,H1,LEGACY_120s,AMP_D2D,Planck Constant (J·s),109
161202-v1,H1,LEGACY_120s,AMP_P2P,Reduced Planck Constant (J·s),88
161202-v1,H1,LEGACY_120s,AMP_P2D,Reduced Planck Constant (J·s),1587
161202-v1,H1,LEGACY_120s,AMP_D2D,Reduced Planck Constant (J·s),109
161202-v1,H1,LEGACY_120s,AMP_P2P,Electron Mass (kg),88
161202-v1,H1,LEGACY_120s,AMP_P2D,Electron Mass (kg),1587
161202-v1,H1,LEGACY_120s,AMP_D2D,Electron Mass (kg),109
161202-v1,H1,LEGACY_120s,AMP_P2P,Proton Mass (kg),88
161202-v1,H1,LEGACY_120s,AMP_P2D,Proton Mass (kg),1587
161202-v1,H1,LEGACY_120s,AMP_D2D,Proton Mass (kg),109
161202-v1,H1,LEGACY_120s,AMP_P2P,Neutron Mass (kg),88
161202-v1,H1,LEGACY_120s,AMP_P2D,Neutron Mass (kg),1587
161202-v1,H1,LEGACY_120s,AMP_D2D,Neutron Mass (kg),109
161202-v1,H1,LEGACY_120s,AMP_P2P,Muon Mass (kg),88
161202-v1,H1,LEGACY_120s,AMP_P2D,Muon Mass (kg),1587
161202-v1,H1,LEGACY_120s,AMP_D2D,Muon Mass (kg),109
161202-v1,H1,LEGACY_120s,AMP_P2P,Tau Mass (kg),88
161202-v1,H1,LEGACY_120s,AMP_P2D,Tau Mass (kg),1587
161202-v1,H1,LEGACY_120s,AMP_D2D,Tau Mass (kg),109
161202-v1,H1,LEGACY_120s,AMP_P2P,Elementary Charge (C),88
161202-v1,H1,LEGACY_120s,AMP_P2D,Elementary Charge (C),1587
161202-v1,H1,LEGACY_120s,AMP_D2D,Elementary Charge (C),109
161202-v1,H1,LEGACY_120s,AMP_P2P,Speed of Light (m/s),0
161202-v1,H1,LEGACY_120s,AMP_P2D,Speed of Light (m/s),0
161202-v1,H1,LEGACY_120s,AMP_D2D,Speed of Light (m/s),0
161202-v1,H1,LEGACY_120s,AMP_P2P,Hubble Constant (km/s/Mpc),0
161202-v1,H1,LEGACY_120s,AMP_P2D,Hubble Constant (km/s/Mpc),0
161202-v1,H1,LEGACY_120s,AMP_D2D,Hubble Constant (km/s/Mpc),0
161202-v1,H1,LEGACY_120s,AMP_P2P,Critical Density (kg/m^3),88
161202-v1,H1,LEGACY_120s,AMP_P2D,Critical Density (kg/m^3),1587
161202-v1,H1,LEGACY_120s,AMP_D2D,Critical Density (kg/m^3),109
161202-v1,H1,LEGACY_120s,AMP_P2P,Baryon-to-Photon Ratio,88
161202-v1,H1,LEGACY_120s,AMP_P2D,Baryon-to-Photon Ratio,1587
161202-v1,H1,LEGACY_120s,AMP_D2D,Baryon-to-Photon Ratio,109
161202-v1,H1,LEGACY_120s,AMP_P2P,Astronomical Unit (m),0
161202-v1,H1,LEGACY_120s,AMP_P2D,Astronomical Unit (m),0
161202-v1,H1,LEGACY_120s,AMP_D2D,Astronomical Unit (m),0
161202-v1,H1,LEGACY_120s,AMP_P2P,Parsec (m),0
161202-v1,H1,LEGACY_120s,AMP_P2D,Parsec (m),0
161202-v1,H1,LEGACY_120s,AMP_D2D,Parsec (m),0
161202-v1,H1,LEGACY_120s,AMP_P2P,Solar Mass (kg),0
161202-v1,H1,LEGACY_120s,AMP_P2D,Solar Mass (kg),0
161202-v1,H1,LEGACY_120s,AMP_D2D,Solar Mass (kg),0
161202-v1,H1,LEGACY_120s,AMP_P2P,Solar Radius (m),0
161202-v1,H1,LEGACY_120s,AMP_P2D,Solar Radius (m),0
161202-v1,H1,LEGACY_120s,AMP_D2D,Solar Radius (m),0
161202-v1,H1,LEGACY_120s,AMP_P2P,Earth Mass (kg),0
161202-v1,H1,LEGACY_120s,AMP_P2D,Earth Mass (kg),0
161202-v1,H1,LEGACY_120s,AMP_D2D,Earth Mass (kg),0
161202-v1,H1,LEGACY_120s,AMP_P2P,Earth Radius (m),0
161202-v1,H1,LEGACY_120s,AMP_P2D,Earth Radius (m),0
161202-v1,H1,LEGACY_120s,AMP_D2D,Earth Radius (m),0
161217-v1,H1,LEGACY_120s,AMP_P2P,Golden Ratio,277
161217-v1,H1,LEGACY_120s,AMP_P2D,Golden Ratio,0
161217-v1,H1,LEGACY_120s,AMP_D2D,Golden Ratio,263
161217-v1,H1,LEGACY_120s,AMP_P2P,Phi Squared,48
161217-v1,H1,LEGACY_120s,AMP_P2D,Phi Squared,0
161217-v1,H1,LEGACY_120s,AMP_D2D,Phi Squared,52
161217-v1,H1,LEGACY_120s,AMP_P2P,Pi,21
161217-v1,H1,LEGACY_120s,AMP_P2D,Pi,0
161217-v1,H1,LEGACY_120s,AMP_D2D,Pi,29
161217-v1,H1,LEGACY_120s,AMP_P2P,Two Pi,2
161217-v1,H1,LEGACY_120s,AMP_P2D,Two Pi,0
161217-v1,H1,LEGACY_120s,AMP_D2D,Two Pi,5
161217-v1,H1,LEGACY_120s,AMP_P2P,Euler’s Number,36
161217-v1,H1,LEGACY_120s,AMP_P2D,Euler’s Number,0
161217-v1,H1,LEGACY_120s,AMP_D2D,Euler’s Number,36
161217-v1,H1,LEGACY_120s,AMP_P2P,Euler–Mascheroni Constant,587
161217-v1,H1,LEGACY_120s,AMP_P2D,Euler–Mascheroni Constant,0
161217-v1,H1,LEGACY_120s,AMP_D2D,Euler–Mascheroni Constant,586
161217-v1,H1,LEGACY_120s,AMP_P2P,Square Root of 2,582
161217-v1,H1,LEGACY_120s,AMP_P2D,Square Root of 2,0
161217-v1,H1,LEGACY_120s,AMP_D2D,Square Root of 2,566
161217-v1,H1,LEGACY_120s,AMP_P2P,Square Root of 3,194
161217-v1,H1,LEGACY_120s,AMP_P2D,Square Root of 3,0
161217-v1,H1,LEGACY_120s,AMP_D2D,Square Root of 3,180
161217-v1,H1,LEGACY_120s,AMP_P2P,Square Root of 5,75
161217-v1,H1,LEGACY_120s,AMP_P2D,Square Root of 5,0
161217-v1,H1,LEGACY_120s,AMP_D2D,Square Root of 5,62
161217-v1,H1,LEGACY_120s,AMP_P2P,Golden Ratio Conjugate,701
161217-v1,H1,LEGACY_120s,AMP_P2D,Golden Ratio Conjugate,0
161217-v1,H1,LEGACY_120s,AMP_D2D,Golden Ratio Conjugate,719
161217-v1,H1,LEGACY_120s,AMP_P2P,Plastic Constant,917
161217-v1,H1,LEGACY_120s,AMP_P2D,Plastic Constant,0
161217-v1,H1,LEGACY_120s,AMP_D2D,Plastic Constant,928
161217-v1,H1,LEGACY_120s,AMP_P2P,Apéry’s Constant (zeta(3)),2327
161217-v1,H1,LEGACY_120s,AMP_P2D,Apéry’s Constant (zeta(3)),0
161217-v1,H1,LEGACY_120s,AMP_D2D,Apéry’s Constant (zeta(3)),2400
161217-v1,H1,LEGACY_120s,AMP_P2P,Catalan’s Constant,12497
161217-v1,H1,LEGACY_120s,AMP_P2D,Catalan’s Constant,0
161217-v1,H1,LEGACY_120s,AMP_D2D,Catalan’s Constant,12511
161217-v1,H1,LEGACY_120s,AMP_P2P,Feigenbaum Delta,9
161217-v1,H1,LEGACY_120s,AMP_P2D,Feigenbaum Delta,0
161217-v1,H1,LEGACY_120s,AMP_D2D,Feigenbaum Delta,13
161217-v1,H1,LEGACY_120s,AMP_P2P,Feigenbaum Alpha,49
161217-v1,H1,LEGACY_120s,AMP_P2D,Feigenbaum Alpha,0
161217-v1,H1,LEGACY_120s,AMP_D2D,Feigenbaum Alpha,41
161217-v1,H1,LEGACY_120s,AMP_P2P,Khinchin’s Constant,42
161217-v1,H1,LEGACY_120s,AMP_P2D,Khinchin’s Constant,0
161217-v1,H1,LEGACY_120s,AMP_D2D,Khinchin’s Constant,41
161217-v1,H1,LEGACY_120s,AMP_P2P,Planck Length (m),52
161217-v1,H1,LEGACY_120s,AMP_P2D,Planck Length (m),1157
161217-v1,H1,LEGACY_120s,AMP_D2D,Planck Length (m),78
161217-v1,H1,LEGACY_120s,AMP_P2P,Planck Time (s),52
161217-v1,H1,LEGACY_120s,AMP_P2D,Planck Time (s),1157
161217-v1,H1,LEGACY_120s,AMP_D2D,Planck Time (s),78
161217-v1,H1,LEGACY_120s,AMP_P2P,Planck Mass (kg),52
161217-v1,H1,LEGACY_120s,AMP_P2D,Planck Mass (kg),1157
161217-v1,H1,LEGACY_120s,AMP_D2D,Planck Mass (kg),78
161217-v1,H1,LEGACY_120s,AMP_P2P,Planck Charge (C),52
161217-v1,H1,LEGACY_120s,AMP_P2D,Planck Charge (C),1157
161217-v1,H1,LEGACY_120s,AMP_D2D,Planck Charge (C),78
161217-v1,H1,LEGACY_120s,AMP_P2P,Planck Temperature (K),0
161217-v1,H1,LEGACY_120s,AMP_P2D,Planck Temperature (K),0
161217-v1,H1,LEGACY_120s,AMP_D2D,Planck Temperature (K),0
161217-v1,H1,LEGACY_120s,AMP_P2P,Absolute Zero (K),52
161217-v1,H1,LEGACY_120s,AMP_P2D,Absolute Zero (K),1157
161217-v1,H1,LEGACY_120s,AMP_D2D,Absolute Zero (K),78
161217-v1,H1,LEGACY_120s,AMP_P2P,Cosmic Microwave Background Temp (K),36
161217-v1,H1,LEGACY_120s,AMP_P2D,Cosmic Microwave Background Temp (K),0
161217-v1,H1,LEGACY_120s,AMP_D2D,Cosmic Microwave Background Temp (K),37
161217-v1,H1,LEGACY_120s,AMP_P2P,Boltzmann Constant (J/K),52
161217-v1,H1,LEGACY_120s,AMP_P2D,Boltzmann Constant (J/K),1157
161217-v1,H1,LEGACY_120s,AMP_D2D,Boltzmann Constant (J/K),78
161217-v1,H1,LEGACY_120s,AMP_P2P,Avogadro Constant (1/mol),0
161217-v1,H1,LEGACY_120s,AMP_P2D,Avogadro Constant (1/mol),0
161217-v1,H1,LEGACY_120s,AMP_D2D,Avogadro Constant (1/mol),0
161217-v1,H1,LEGACY_120s,AMP_P2P,Gas Constant R (J/(mol·K)),6
161217-v1,H1,LEGACY_120s,AMP_P2D,Gas Constant R (J/(mol·K)),0
161217-v1,H1,LEGACY_120s,AMP_D2D,Gas Constant R (J/(mol·K)),1
161217-v1,H1,LEGACY_120s,AMP_P2P,Fine-Structure Constant,64
161217-v1,H1,LEGACY_120s,AMP_P2D,Fine-Structure Constant,974
161217-v1,H1,LEGACY_120s,AMP_D2D,Fine-Structure Constant,93
161217-v1,H1,LEGACY_120s,AMP_P2P,Gravitational Constant (m^3 kg^-1 s^-2),52
161217-v1,H1,LEGACY_120s,AMP_P2D,Gravitational Constant (m^3 kg^-1 s^-2),1157
161217-v1,H1,LEGACY_120s,AMP_D2D,Gravitational Constant (m^3 kg^-1 s^-2),78
161217-v1,H1,LEGACY_120s,AMP_P2P,Coulomb Constant (N m^2 C^-2),0
161217-v1,H1,LEGACY_120s,AMP_P2D,Coulomb Constant (N m^2 C^-2),0
161217-v1,H1,LEGACY_120s,AMP_D2D,Coulomb Constant (N m^2 C^-2),0
161217-v1,H1,LEGACY_120s,AMP_P2P,Planck Constant (J·s),52
161217-v1,H1,LEGACY_120s,AMP_P2D,Planck Constant (J·s),1157
161217-v1,H1,LEGACY_120s,AMP_D2D,Planck Constant (J·s),78
161217-v1,H1,LEGACY_120s,AMP_P2P,Reduced Planck Constant (J·s),52
161217-v1,H1,LEGACY_120s,AMP_P2D,Reduced Planck Constant (J·s),1157
161217-v1,H1,LEGACY_120s,AMP_D2D,Reduced Planck Constant (J·s),78
161217-v1,H1,LEGACY_120s,AMP_P2P,Electron Mass (kg),52
161217-v1,H1,LEGACY_120s,AMP_P2D,Electron Mass (kg),1157
161217-v1,H1,LEGACY_120s,AMP_D2D,Electron Mass (kg),78
161217-v1,H1,LEGACY_120s,AMP_P2P,Proton Mass (kg),52
161217-v1,H1,LEGACY_120s,AMP_P2D,Proton Mass (kg),1157
161217-v1,H1,LEGACY_120s,AMP_D2D,Proton Mass (kg),78
161217-v1,H1,LEGACY_120s,AMP_P2P,Neutron Mass (kg),52
161217-v1,H1,LEGACY_120s,AMP_P2D,Neutron Mass (kg),1157
161217-v1,H1,LEGACY_120s,AMP_D2D,Neutron Mass (kg),78
161217-v1,H1,LEGACY_120s,AMP_P2P,Muon Mass (kg),52
161217-v1,H1,LEGACY_120s,AMP_P2D,Muon Mass (kg),1157
161217-v1,H1,LEGACY_120s,AMP_D2D,Muon Mass (kg),78
161217-v1,H1,LEGACY_120s,AMP_P2P,Tau Mass (kg),52
161217-v1,H1,LEGACY_120s,AMP_P2D,Tau Mass (kg),1157
161217-v1,H1,LEGACY_120s,AMP_D2D,Tau Mass (kg),78
161217-v1,H1,LEGACY_120s,AMP_P2P,Elementary Charge (C),52
161217-v1,H1,LEGACY_120s,AMP_P2D,Elementary Charge (C),1157
161217-v1,H1,LEGACY_120s,AMP_D2D,Elementary Charge (C),78
161217-v1,H1,LEGACY_120s,AMP_P2P,Speed of Light (m/s),0
161217-v1,H1,LEGACY_120s,AMP_P2D,Speed of Light (m/s),0
161217-v1,H1,LEGACY_120s,AMP_D2D,Speed of Light (m/s),0
161217-v1,H1,LEGACY_120s,AMP_P2P,Hubble Constant (km/s/Mpc),0
161217-v1,H1,LEGACY_120s,AMP_P2D,Hubble Constant (km/s/Mpc),0
161217-v1,H1,LEGACY_120s,AMP_D2D,Hubble Constant (km/s/Mpc),0
161217-v1,H1,LEGACY_120s,AMP_P2P,Critical Density (kg/m^3),52
161217-v1,H1,LEGACY_120s,AMP_P2D,Critical Density (kg/m^3),1157
161217-v1,H1,LEGACY_120s,AMP_D2D,Critical Density (kg/m^3),78
161217-v1,H1,LEGACY_120s,AMP_P2P,Baryon-to-Photon Ratio,52
161217-v1,H1,LEGACY_120s,AMP_P2D,Baryon-to-Photon Ratio,1157
161217-v1,H1,LEGACY_120s,AMP_D2D,Baryon-to-Photon Ratio,78
161217-v1,H1,LEGACY_120s,AMP_P2P,Astronomical Unit (m),0
161217-v1,H1,LEGACY_120s,AMP_P2D,Astronomical Unit (m),0
161217-v1,H1,LEGACY_120s,AMP_D2D,Astronomical Unit (m),0
161217-v1,H1,LEGACY_120s,AMP_P2P,Parsec (m),0
161217-v1,H1,LEGACY_120s,AMP_P2D,Parsec (m),0
161217-v1,H1,LEGACY_120s,AMP_D2D,Parsec (m),0
161217-v1,H1,LEGACY_120s,AMP_P2P,Solar Mass (kg),0
161217-v1,H1,LEGACY_120s,AMP_P2D,Solar Mass (kg),0
161217-v1,H1,LEGACY_120s,AMP_D2D,Solar Mass (kg),0
161217-v1,H1,LEGACY_120s,AMP_P2P,Solar Radius (m),0
161217-v1,H1,LEGACY_120s,AMP_P2D,Solar Radius (m),0
161217-v1,H1,LEGACY_120s,AMP_D2D,Solar Radius (m),0
161217-v1,H1,LEGACY_120s,AMP_P2P,Earth Mass (kg),0
161217-v1,H1,LEGACY_120s,AMP_P2D,Earth Mass (kg),0
161217-v1,H1,LEGACY_120s,AMP_D2D,Earth Mass (kg),0
161217-v1,H1,LEGACY_120s,AMP_P2P,Earth Radius (m),0
161217-v1,H1,LEGACY_120s,AMP_P2D,Earth Radius (m),0
161217-v1,H1,LEGACY_120s,AMP_D2D,Earth Radius (m),0
170208-v1,H1,LEGACY_120s,AMP_P2P,Golden Ratio,91
170208-v1,H1,LEGACY_120s,AMP_P2D,Golden Ratio,0
170208-v1,H1,LEGACY_120s,AMP_D2D,Golden Ratio,90
170208-v1,H1,LEGACY_120s,AMP_P2P,Phi Squared,22
170208-v1,H1,LEGACY_120s,AMP_P2D,Phi Squared,0
170208-v1,H1,LEGACY_120s,AMP_D2D,Phi Squared,16
170208-v1,H1,LEGACY_120s,AMP_P2P,Pi,17
170208-v1,H1,LEGACY_120s,AMP_P2D,Pi,0
170208-v1,H1,LEGACY_120s,AMP_D2D,Pi,7
170208-v1,H1,LEGACY_120s,AMP_P2P,Two Pi,0
170208-v1,H1,LEGACY_120s,AMP_P2D,Two Pi,0
170208-v1,H1,LEGACY_120s,AMP_D2D,Two Pi,2
170208-v1,H1,LEGACY_120s,AMP_P2P,Euler’s Number,19
170208-v1,H1,LEGACY_120s,AMP_P2D,Euler’s Number,0
170208-v1,H1,LEGACY_120s,AMP_D2D,Euler’s Number,13
170208-v1,H1,LEGACY_120s,AMP_P2P,Euler–Mascheroni Constant,181
170208-v1,H1,LEGACY_120s,AMP_P2D,Euler–Mascheroni Constant,0
170208-v1,H1,LEGACY_120s,AMP_D2D,Euler–Mascheroni Constant,174
170208-v1,H1,LEGACY_120s,AMP_P2P,Square Root of 2,148
170208-v1,H1,LEGACY_120s,AMP_P2D,Square Root of 2,0
170208-v1,H1,LEGACY_120s,AMP_D2D,Square Root of 2,177
170208-v1,H1,LEGACY_120s,AMP_P2P,Square Root of 3,65
170208-v1,H1,LEGACY_120s,AMP_P2D,Square Root of 3,0
170208-v1,H1,LEGACY_120s,AMP_D2D,Square Root of 3,67
170208-v1,H1,LEGACY_120s,AMP_P2P,Square Root of 5,21
170208-v1,H1,LEGACY_120s,AMP_P2D,Square Root of 5,0
170208-v1,H1,LEGACY_120s,AMP_D2D,Square Root of 5,31
170208-v1,H1,LEGACY_120s,AMP_P2P,Golden Ratio Conjugate,216
170208-v1,H1,LEGACY_120s,AMP_P2D,Golden Ratio Conjugate,0
170208-v1,H1,LEGACY_120s,AMP_D2D,Golden Ratio Conjugate,200
170208-v1,H1,LEGACY_120s,AMP_P2P,Plastic Constant,302
170208-v1,H1,LEGACY_120s,AMP_P2D,Plastic Constant,0
170208-v1,H1,LEGACY_120s,AMP_D2D,Plastic Constant,260
170208-v1,H1,LEGACY_120s,AMP_P2P,Apéry’s Constant (zeta(3)),634
170208-v1,H1,LEGACY_120s,AMP_P2D,Apéry’s Constant (zeta(3)),0
170208-v1,H1,LEGACY_120s,AMP_D2D,Apéry’s Constant (zeta(3)),636
170208-v1,H1,LEGACY_120s,AMP_P2P,Catalan’s Constant,3689
170208-v1,H1,LEGACY_120s,AMP_P2D,Catalan’s Constant,0
170208-v1,H1,LEGACY_120s,AMP_D2D,Catalan’s Constant,3803
170208-v1,H1,LEGACY_120s,AMP_P2P,Feigenbaum Delta,7
170208-v1,H1,LEGACY_120s,AMP_P2D,Feigenbaum Delta,0
170208-v1,H1,LEGACY_120s,AMP_D2D,Feigenbaum Delta,5
170208-v1,H1,LEGACY_120s,AMP_P2P,Feigenbaum Alpha,20
170208-v1,H1,LEGACY_120s,AMP_P2D,Feigenbaum Alpha,0
170208-v1,H1,LEGACY_120s,AMP_D2D,Feigenbaum Alpha,24
170208-v1,H1,LEGACY_120s,AMP_P2P,Khinchin’s Constant,25
170208-v1,H1,LEGACY_120s,AMP_P2D,Khinchin’s Constant,0
170208-v1,H1,LEGACY_120s,AMP_D2D,Khinchin’s Constant,13
170208-v1,H1,LEGACY_120s,AMP_P2P,Planck Length (m),68
170208-v1,H1,LEGACY_120s,AMP_P2D,Planck Length (m),272
170208-v1,H1,LEGACY_120s,AMP_D2D,Planck Length (m),68
170208-v1,H1,LEGACY_120s,AMP_P2P,Planck Time (s),68
170208-v1,H1,LEGACY_120s,AMP_P2D,Planck Time (s),272
170208-v1,H1,LEGACY_120s,AMP_D2D,Planck Time (s),68
170208-v1,H1,LEGACY_120s,AMP_P2P,Planck Mass (kg),68
170208-v1,H1,LEGACY_120s,AMP_P2D,Planck Mass (kg),272
170208-v1,H1,LEGACY_120s,AMP_D2D,Planck Mass (kg),68
170208-v1,H1,LEGACY_120s,AMP_P2P,Planck Charge (C),68
170208-v1,H1,LEGACY_120s,AMP_P2D,Planck Charge (C),272
170208-v1,H1,LEGACY_120s,AMP_D2D,Planck Charge (C),68
170208-v1,H1,LEGACY_120s,AMP_P2P,Planck Temperature (K),0
170208-v1,H1,LEGACY_120s,AMP_P2D,Planck Temperature (K),0
170208-v1,H1,LEGACY_120s,AMP_D2D,Planck Temperature (K),0
170208-v1,H1,LEGACY_120s,AMP_P2P,Absolute Zero (K),68
170208-v1,H1,LEGACY_120s,AMP_P2D,Absolute Zero (K),272
170208-v1,H1,LEGACY_120s,AMP_D2D,Absolute Zero (K),68
170208-v1,H1,LEGACY_120s,AMP_P2P,Cosmic Microwave Background Temp (K),17
170208-v1,H1,LEGACY_120s,AMP_P2D,Cosmic Microwave Background Temp (K),0
170208-v1,H1,LEGACY_120s,AMP_D2D,Cosmic Microwave Background Temp (K),12
170208-v1,H1,LEGACY_120s,AMP_P2P,Boltzmann Constant (J/K),68
170208-v1,H1,LEGACY_120s,AMP_P2D,Boltzmann Constant (J/K),272
170208-v1,H1,LEGACY_120s,AMP_D2D,Boltzmann Constant (J/K),68
170208-v1,H1,LEGACY_120s,AMP_P2P,Avogadro Constant (1/mol),0
170208-v1,H1,LEGACY_120s,AMP_P2D,Avogadro Constant (1/mol),0
170208-v1,H1,LEGACY_120s,AMP_D2D,Avogadro Constant (1/mol),0
170208-v1,H1,LEGACY_120s,AMP_P2P,Gas Constant R (J/(mol·K)),1
170208-v1,H1,LEGACY_120s,AMP_P2D,Gas Constant R (J/(mol·K)),0
170208-v1,H1,LEGACY_120s,AMP_D2D,Gas Constant R (J/(mol·K)),1
170208-v1,H1,LEGACY_120s,AMP_P2P,Fine-Structure Constant,83
170208-v1,H1,LEGACY_120s,AMP_P2D,Fine-Structure Constant,230
170208-v1,H1,LEGACY_120s,AMP_D2D,Fine-Structure Constant,81
170208-v1,H1,LEGACY_120s,AMP_P2P,Gravitational Constant (m^3 kg^-1 s^-2),68
170208-v1,H1,LEGACY_120s,AMP_P2D,Gravitational Constant (m^3 kg^-1 s^-2),272
170208-v1,H1,LEGACY_120s,AMP_D2D,Gravitational Constant (m^3 kg^-1 s^-2),68
170208-v1,H1,LEGACY_120s,AMP_P2P,Coulomb Constant (N m^2 C^-2),0
170208-v1,H1,LEGACY_120s,AMP_P2D,Coulomb Constant (N m^2 C^-2),0
170208-v1,H1,LEGACY_120s,AMP_D2D,Coulomb Constant (N m^2 C^-2),0
170208-v1,H1,LEGACY_120s,AMP_P2P,Planck Constant (J·s),68
170208-v1,H1,LEGACY_120s,AMP_P2D,Planck Constant (J·s),272
170208-v1,H1,LEGACY_120s,AMP_D2D,Planck Constant (J·s),68
170208-v1,H1,LEGACY_120s,AMP_P2P,Reduced Planck Constant (J·s),68
170208-v1,H1,LEGACY_120s,AMP_P2D,Reduced Planck Constant (J·s),272
170208-v1,H1,LEGACY_120s,AMP_D2D,Reduced Planck Constant (J·s),68
170208-v1,H1,LEGACY_120s,AMP_P2P,Electron Mass (kg),68
170208-v1,H1,LEGACY_120s,AMP_P2D,Electron Mass (kg),272
170208-v1,H1,LEGACY_120s,AMP_D2D,Electron Mass (kg),68
170208-v1,H1,LEGACY_120s,AMP_P2P,Proton Mass (kg),68
170208-v1,H1,LEGACY_120s,AMP_P2D,Proton Mass (kg),272
170208-v1,H1,LEGACY_120s,AMP_D2D,Proton Mass (kg),68
170208-v1,H1,LEGACY_120s,AMP_P2P,Neutron Mass (kg),68
170208-v1,H1,LEGACY_120s,AMP_P2D,Neutron Mass (kg),272
170208-v1,H1,LEGACY_120s,AMP_D2D,Neutron Mass (kg),68
170208-v1,H1,LEGACY_120s,AMP_P2P,Muon Mass (kg),68
170208-v1,H1,LEGACY_120s,AMP_P2D,Muon Mass (kg),272
170208-v1,H1,LEGACY_120s,AMP_D2D,Muon Mass (kg),68
170208-v1,H1,LEGACY_120s,AMP_P2P,Tau Mass (kg),68
170208-v1,H1,LEGACY_120s,AMP_P2D,Tau Mass (kg),272
170208-v1,H1,LEGACY_120s,AMP_D2D,Tau Mass (kg),68
170208-v1,H1,LEGACY_120s,AMP_P2P,Elementary Charge (C),68
170208-v1,H1,LEGACY_120s,AMP_P2D,Elementary Charge (C),272
170208-v1,H1,LEGACY_120s,AMP_D2D,Elementary Charge (C),68
170208-v1,H1,LEGACY_120s,AMP_P2P,Speed of Light (m/s),0
170208-v1,H1,LEGACY_120s,AMP_P2D,Speed of Light (m/s),0
170208-v1,H1,LEGACY_120s,AMP_D2D,Speed of Light (m/s),0
170208-v1,H1,LEGACY_120s,AMP_P2P,Hubble Constant (km/s/Mpc),0
170208-v1,H1,LEGACY_120s,AMP_P2D,Hubble Constant (km/s/Mpc),0
170208-v1,H1,LEGACY_120s,AMP_D2D,Hubble Constant (km/s/Mpc),0
170208-v1,H1,LEGACY_120s,AMP_P2P,Critical Density (kg/m^3),68
170208-v1,H1,LEGACY_120s,AMP_P2D,Critical Density (kg/m^3),272
170208-v1,H1,LEGACY_120s,AMP_D2D,Critical Density (kg/m^3),68
170208-v1,H1,LEGACY_120s,AMP_P2P,Baryon-to-Photon Ratio,68
170208-v1,H1,LEGACY_120s,AMP_P2D,Baryon-to-Photon Ratio,272
170208-v1,H1,LEGACY_120s,AMP_D2D,Baryon-to-Photon Ratio,68
170208-v1,H1,LEGACY_120s,AMP_P2P,Astronomical Unit (m),0
170208-v1,H1,LEGACY_120s,AMP_P2D,Astronomical Unit (m),0
170208-v1,H1,LEGACY_120s,AMP_D2D,Astronomical Unit (m),0
170208-v1,H1,LEGACY_120s,AMP_P2P,Parsec (m),0
170208-v1,H1,LEGACY_120s,AMP_P2D,Parsec (m),0
170208-v1,H1,LEGACY_120s,AMP_D2D,Parsec (m),0
170208-v1,H1,LEGACY_120s,AMP_P2P,Solar Mass (kg),0
170208-v1,H1,LEGACY_120s,AMP_P2D,Solar Mass (kg),0
170208-v1,H1,LEGACY_120s,AMP_D2D,Solar Mass (kg),0
170208-v1,H1,LEGACY_120s,AMP_P2P,Solar Radius (m),0
170208-v1,H1,LEGACY_120s,AMP_P2D,Solar Radius (m),0
170208-v1,H1,LEGACY_120s,AMP_D2D,Solar Radius (m),0
170208-v1,H1,LEGACY_120s,AMP_P2P,Earth Mass (kg),0
170208-v1,H1,LEGACY_120s,AMP_P2D,Earth Mass (kg),0
170208-v1,H1,LEGACY_120s,AMP_D2D,Earth Mass (kg),0
170208-v1,H1,LEGACY_120s,AMP_P2P,Earth Radius (m),0
170208-v1,H1,LEGACY_120s,AMP_P2D,Earth Radius (m),0
170208-v1,H1,LEGACY_120s,AMP_D2D,Earth Radius (m),0
170219-v1,H1,LEGACY_120s,AMP_P2P,Golden Ratio,248
170219-v1,H1,LEGACY_120s,AMP_P2D,Golden Ratio,0
170219-v1,H1,LEGACY_120s,AMP_D2D,Golden Ratio,247
170219-v1,H1,LEGACY_120s,AMP_P2P,Phi Squared,52
170219-v1,H1,LEGACY_120s,AMP_P2D,Phi Squared,0
170219-v1,H1,LEGACY_120s,AMP_D2D,Phi Squared,46
170219-v1,H1,LEGACY_120s,AMP_P2P,Pi,25
170219-v1,H1,LEGACY_120s,AMP_P2D,Pi,0
170219-v1,H1,LEGACY_120s,AMP_D2D,Pi,31
170219-v1,H1,LEGACY_120s,AMP_P2P,Two Pi,8
170219-v1,H1,LEGACY_120s,AMP_P2D,Two Pi,0
170219-v1,H1,LEGACY_120s,AMP_D2D,Two Pi,7
170219-v1,H1,LEGACY_120s,AMP_P2P,Euler’s Number,42
170219-v1,H1,LEGACY_120s,AMP_P2D,Euler’s Number,0
170219-v1,H1,LEGACY_120s,AMP_D2D,Euler’s Number,41
170219-v1,H1,LEGACY_120s,AMP_P2P,Euler–Mascheroni Constant,587
170219-v1,H1,LEGACY_120s,AMP_P2D,Euler–Mascheroni Constant,0
170219-v1,H1,LEGACY_120s,AMP_D2D,Euler–Mascheroni Constant,569
170219-v1,H1,LEGACY_120s,AMP_P2P,Square Root of 2,586
170219-v1,H1,LEGACY_120s,AMP_P2D,Square Root of 2,0
170219-v1,H1,LEGACY_120s,AMP_D2D,Square Root of 2,571
170219-v1,H1,LEGACY_120s,AMP_P2P,Square Root of 3,182
170219-v1,H1,LEGACY_120s,AMP_P2D,Square Root of 3,0
170219-v1,H1,LEGACY_120s,AMP_D2D,Square Root of 3,182
170219-v1,H1,LEGACY_120s,AMP_P2P,Square Root of 5,70
170219-v1,H1,LEGACY_120s,AMP_P2D,Square Root of 5,0
170219-v1,H1,LEGACY_120s,AMP_D2D,Square Root of 5,70
170219-v1,H1,LEGACY_120s,AMP_P2P,Golden Ratio Conjugate,708
170219-v1,H1,LEGACY_120s,AMP_P2D,Golden Ratio Conjugate,0
170219-v1,H1,LEGACY_120s,AMP_D2D,Golden Ratio Conjugate,697
170219-v1,H1,LEGACY_120s,AMP_P2P,Plastic Constant,913
170219-v1,H1,LEGACY_120s,AMP_P2D,Plastic Constant,0
170219-v1,H1,LEGACY_120s,AMP_D2D,Plastic Constant,939
170219-v1,H1,LEGACY_120s,AMP_P2P,Apéry’s Constant (zeta(3)),2329
170219-v1,H1,LEGACY_120s,AMP_P2D,Apéry’s Constant (zeta(3)),0
170219-v1,H1,LEGACY_120s,AMP_D2D,Apéry’s Constant (zeta(3)),2302
170219-v1,H1,LEGACY_120s,AMP_P2P,Catalan’s Constant,12427
170219-v1,H1,LEGACY_120s,AMP_P2D,Catalan’s Constant,0
170219-v1,H1,LEGACY_120s,AMP_D2D,Catalan’s Constant,12401
170219-v1,H1,LEGACY_120s,AMP_P2P,Feigenbaum Delta,7
170219-v1,H1,LEGACY_120s,AMP_P2D,Feigenbaum Delta,0
170219-v1,H1,LEGACY_120s,AMP_D2D,Feigenbaum Delta,13
170219-v1,H1,LEGACY_120s,AMP_P2P,Feigenbaum Alpha,50
170219-v1,H1,LEGACY_120s,AMP_P2D,Feigenbaum Alpha,0
170219-v1,H1,LEGACY_120s,AMP_D2D,Feigenbaum Alpha,43
170219-v1,H1,LEGACY_120s,AMP_P2P,Khinchin’s Constant,48
170219-v1,H1,LEGACY_120s,AMP_P2D,Khinchin’s Constant,0
170219-v1,H1,LEGACY_120s,AMP_D2D,Khinchin’s Constant,50
170219-v1,H1,LEGACY_120s,AMP_P2P,Planck Length (m),85
170219-v1,H1,LEGACY_120s,AMP_P2D,Planck Length (m),1291
170219-v1,H1,LEGACY_120s,AMP_D2D,Planck Length (m),86
170219-v1,H1,LEGACY_120s,AMP_P2P,Planck Time (s),85
170219-v1,H1,LEGACY_120s,AMP_P2D,Planck Time (s),1291
170219-v1,H1,LEGACY_120s,AMP_D2D,Planck Time (s),86
170219-v1,H1,LEGACY_120s,AMP_P2P,Planck Mass (kg),85
170219-v1,H1,LEGACY_120s,AMP_P2D,Planck Mass (kg),1291
170219-v1,H1,LEGACY_120s,AMP_D2D,Planck Mass (kg),86
170219-v1,H1,LEGACY_120s,AMP_P2P,Planck Charge (C),85
170219-v1,H1,LEGACY_120s,AMP_P2D,Planck Charge (C),1291
170219-v1,H1,LEGACY_120s,AMP_D2D,Planck Charge (C),86
170219-v1,H1,LEGACY_120s,AMP_P2P,Planck Temperature (K),0
170219-v1,H1,LEGACY_120s,AMP_P2D,Planck Temperature (K),0
170219-v1,H1,LEGACY_120s,AMP_D2D,Planck Temperature (K),0
170219-v1,H1,LEGACY_120s,AMP_P2P,Absolute Zero (K),85
170219-v1,H1,LEGACY_120s,AMP_P2D,Absolute Zero (K),1291
170219-v1,H1,LEGACY_120s,AMP_D2D,Absolute Zero (K),86
170219-v1,H1,LEGACY_120s,AMP_P2P,Cosmic Microwave Background Temp (K),43
170219-v1,H1,LEGACY_120s,AMP_P2D,Cosmic Microwave Background Temp (K),0
170219-v1,H1,LEGACY_120s,AMP_D2D,Cosmic Microwave Background Temp (K),45
170219-v1,H1,LEGACY_120s,AMP_P2P,Boltzmann Constant (J/K),85
170219-v1,H1,LEGACY_120s,AMP_P2D,Boltzmann Constant (J/K),1291
170219-v1,H1,LEGACY_120s,AMP_D2D,Boltzmann Constant (J/K),86
170219-v1,H1,LEGACY_120s,AMP_P2P,Avogadro Constant (1/mol),0
170219-v1,H1,LEGACY_120s,AMP_P2D,Avogadro Constant (1/mol),0
170219-v1,H1,LEGACY_120s,AMP_D2D,Avogadro Constant (1/mol),0
170219-v1,H1,LEGACY_120s,AMP_P2P,Gas Constant R (J/(mol·K)),3
170219-v1,H1,LEGACY_120s,AMP_P2D,Gas Constant R (J/(mol·K)),0
170219-v1,H1,LEGACY_120s,AMP_D2D,Gas Constant R (J/(mol·K)),1
170219-v1,H1,LEGACY_120s,AMP_P2P,Fine-Structure Constant,95
170219-v1,H1,LEGACY_120s,AMP_P2D,Fine-Structure Constant,1117
170219-v1,H1,LEGACY_120s,AMP_D2D,Fine-Structure Constant,91
170219-v1,H1,LEGACY_120s,AMP_P2P,Gravitational Constant (m^3 kg^-1 s^-2),85
170219-v1,H1,LEGACY_120s,AMP_P2D,Gravitational Constant (m^3 kg^-1 s^-2),1291
170219-v1,H1,LEGACY_120s,AMP_D2D,Gravitational Constant (m^3 kg^-1 s^-2),86
170219-v1,H1,LEGACY_120s,AMP_P2P,Coulomb Constant (N m^2 C^-2),0
170219-v1,H1,LEGACY_120s,AMP_P2D,Coulomb Constant (N m^2 C^-2),0
170219-v1,H1,LEGACY_120s,AMP_D2D,Coulomb Constant (N m^2 C^-2),0
170219-v1,H1,LEGACY_120s,AMP_P2P,Planck Constant (J·s),85
170219-v1,H1,LEGACY_120s,AMP_P2D,Planck Constant (J·s),1291
170219-v1,H1,LEGACY_120s,AMP_D2D,Planck Constant (J·s),86
170219-v1,H1,LEGACY_120s,AMP_P2P,Reduced Planck Constant (J·s),85
170219-v1,H1,LEGACY_120s,AMP_P2D,Reduced Planck Constant (J·s),1291
170219-v1,H1,LEGACY_120s,AMP_D2D,Reduced Planck Constant (J·s),86
170219-v1,H1,LEGACY_120s,AMP_P2P,Electron Mass (kg),85
170219-v1,H1,LEGACY_120s,AMP_P2D,Electron Mass (kg),1291
170219-v1,H1,LEGACY_120s,AMP_D2D,Electron Mass (kg),86
170219-v1,H1,LEGACY_120s,AMP_P2P,Proton Mass (kg),85
170219-v1,H1,LEGACY_120s,AMP_P2D,Proton Mass (kg),1291
170219-v1,H1,LEGACY_120s,AMP_D2D,Proton Mass (kg),86
170219-v1,H1,LEGACY_120s,AMP_P2P,Neutron Mass (kg),85
170219-v1,H1,LEGACY_120s,AMP_P2D,Neutron Mass (kg),1291
170219-v1,H1,LEGACY_120s,AMP_D2D,Neutron Mass (kg),86
170219-v1,H1,LEGACY_120s,AMP_P2P,Muon Mass (kg),85
170219-v1,H1,LEGACY_120s,AMP_P2D,Muon Mass (kg),1291
170219-v1,H1,LEGACY_120s,AMP_D2D,Muon Mass (kg),86
170219-v1,H1,LEGACY_120s,AMP_P2P,Tau Mass (kg),85
170219-v1,H1,LEGACY_120s,AMP_P2D,Tau Mass (kg),1291
170219-v1,H1,LEGACY_120s,AMP_D2D,Tau Mass (kg),86
170219-v1,H1,LEGACY_120s,AMP_P2P,Elementary Charge (C),85
170219-v1,H1,LEGACY_120s,AMP_P2D,Elementary Charge (C),1291
170219-v1,H1,LEGACY_120s,AMP_D2D,Elementary Charge (C),86
170219-v1,H1,LEGACY_120s,AMP_P2P,Speed of Light (m/s),0
170219-v1,H1,LEGACY_120s,AMP_P2D,Speed of Light (m/s),0
170219-v1,H1,LEGACY_120s,AMP_D2D,Speed of Light (m/s),0
170219-v1,H1,LEGACY_120s,AMP_P2P,Hubble Constant (km/s/Mpc),0
170219-v1,H1,LEGACY_120s,AMP_P2D,Hubble Constant (km/s/Mpc),0
170219-v1,H1,LEGACY_120s,AMP_D2D,Hubble Constant (km/s/Mpc),0
170219-v1,H1,LEGACY_120s,AMP_P2P,Critical Density (kg/m^3),85
170219-v1,H1,LEGACY_120s,AMP_P2D,Critical Density (kg/m^3),1291
170219-v1,H1,LEGACY_120s,AMP_D2D,Critical Density (kg/m^3),86
170219-v1,H1,LEGACY_120s,AMP_P2P,Baryon-to-Photon Ratio,85
170219-v1,H1,LEGACY_120s,AMP_P2D,Baryon-to-Photon Ratio,1291
170219-v1,H1,LEGACY_120s,AMP_D2D,Baryon-to-Photon Ratio,86
170219-v1,H1,LEGACY_120s,AMP_P2P,Astronomical Unit (m),0
170219-v1,H1,LEGACY_120s,AMP_P2D,Astronomical Unit (m),0
170219-v1,H1,LEGACY_120s,AMP_D2D,Astronomical Unit (m),0
170219-v1,H1,LEGACY_120s,AMP_P2P,Parsec (m),0
170219-v1,H1,LEGACY_120s,AMP_P2D,Parsec (m),0
170219-v1,H1,LEGACY_120s,AMP_D2D,Parsec (m),0
170219-v1,H1,LEGACY_120s,AMP_P2P,Solar Mass (kg),0
170219-v1,H1,LEGACY_120s,AMP_P2D,Solar Mass (kg),0
170219-v1,H1,LEGACY_120s,AMP_D2D,Solar Mass (kg),0
170219-v1,H1,LEGACY_120s,AMP_P2P,Solar Radius (m),0
170219-v1,H1,LEGACY_120s,AMP_P2D,Solar Radius (m),0
170219-v1,H1,LEGACY_120s,AMP_D2D,Solar Radius (m),0
170219-v1,H1,LEGACY_120s,AMP_P2P,Earth Mass (kg),0
170219-v1,H1,LEGACY_120s,AMP_P2D,Earth Mass (kg),0
170219-v1,H1,LEGACY_120s,AMP_D2D,Earth Mass (kg),0
170219-v1,H1,LEGACY_120s,AMP_P2P,Earth Radius (m),0
170219-v1,H1,LEGACY_120s,AMP_P2D,Earth Radius (m),0
170219-v1,H1,LEGACY_120s,AMP_D2D,Earth Radius (m),0
170405-v1,H1,LEGACY_120s,AMP_P2P,Golden Ratio,108
170405-v1,H1,LEGACY_120s,AMP_P2D,Golden Ratio,0
170405-v1,H1,LEGACY_120s,AMP_D2D,Golden Ratio,119
170405-v1,H1,LEGACY_120s,AMP_P2P,Phi Squared,26
170405-v1,H1,LEGACY_120s,AMP_P2D,Phi Squared,0
170405-v1,H1,LEGACY_120s,AMP_D2D,Phi Squared,32
170405-v1,H1,LEGACY_120s,AMP_P2P,Pi,12
170405-v1,H1,LEGACY_120s,AMP_P2D,Pi,0
170405-v1,H1,LEGACY_120s,AMP_D2D,Pi,10
170405-v1,H1,LEGACY_120s,AMP_P2P,Two Pi,3
170405-v1,H1,LEGACY_120s,AMP_P2D,Two Pi,0
170405-v1,H1,LEGACY_120s,AMP_D2D,Two Pi,3
170405-v1,H1,LEGACY_120s,AMP_P2P,Euler’s Number,25
170405-v1,H1,LEGACY_120s,AMP_P2D,Euler’s Number,0
170405-v1,H1,LEGACY_120s,AMP_D2D,Euler’s Number,10
170405-v1,H1,LEGACY_120s,AMP_P2P,Euler–Mascheroni Constant,239
170405-v1,H1,LEGACY_120s,AMP_P2D,Euler–Mascheroni Constant,0
170405-v1,H1,LEGACY_120s,AMP_D2D,Euler–Mascheroni Constant,269
170405-v1,H1,LEGACY_120s,AMP_P2P,Square Root of 2,245
170405-v1,H1,LEGACY_120s,AMP_P2D,Square Root of 2,0
170405-v1,H1,LEGACY_120s,AMP_D2D,Square Root of 2,213
170405-v1,H1,LEGACY_120s,AMP_P2P,Square Root of 3,87
170405-v1,H1,LEGACY_120s,AMP_P2D,Square Root of 3,0
170405-v1,H1,LEGACY_120s,AMP_D2D,Square Root of 3,93
170405-v1,H1,LEGACY_120s,AMP_P2P,Square Root of 5,25
170405-v1,H1,LEGACY_120s,AMP_P2D,Square Root of 5,0
170405-v1,H1,LEGACY_120s,AMP_D2D,Square Root of 5,28
170405-v1,H1,LEGACY_120s,AMP_P2P,Golden Ratio Conjugate,286
170405-v1,H1,LEGACY_120s,AMP_P2D,Golden Ratio Conjugate,0
170405-v1,H1,LEGACY_120s,AMP_D2D,Golden Ratio Conjugate,305
170405-v1,H1,LEGACY_120s,AMP_P2P,Plastic Constant,342
170405-v1,H1,LEGACY_120s,AMP_P2D,Plastic Constant,0
170405-v1,H1,LEGACY_120s,AMP_D2D,Plastic Constant,349
170405-v1,H1,LEGACY_120s,AMP_P2P,Apéry’s Constant (zeta(3)),761
170405-v1,H1,LEGACY_120s,AMP_P2D,Apéry’s Constant (zeta(3)),0
170405-v1,H1,LEGACY_120s,AMP_D2D,Apéry’s Constant (zeta(3)),796
170405-v1,H1,LEGACY_120s,AMP_P2P,Catalan’s Constant,4607
170405-v1,H1,LEGACY_120s,AMP_P2D,Catalan’s Constant,0
170405-v1,H1,LEGACY_120s,AMP_D2D,Catalan’s Constant,4579
170405-v1,H1,LEGACY_120s,AMP_P2P,Feigenbaum Delta,8
170405-v1,H1,LEGACY_120s,AMP_P2D,Feigenbaum Delta,0
170405-v1,H1,LEGACY_120s,AMP_D2D,Feigenbaum Delta,9
170405-v1,H1,LEGACY_120s,AMP_P2P,Feigenbaum Alpha,26
170405-v1,H1,LEGACY_120s,AMP_P2D,Feigenbaum Alpha,0
170405-v1,H1,LEGACY_120s,AMP_D2D,Feigenbaum Alpha,27
170405-v1,H1,LEGACY_120s,AMP_P2P,Khinchin’s Constant,26
170405-v1,H1,LEGACY_120s,AMP_P2D,Khinchin’s Constant,0
170405-v1,H1,LEGACY_120s,AMP_D2D,Khinchin’s Constant,15
170405-v1,H1,LEGACY_120s,AMP_P2P,Planck Length (m),80
170405-v1,H1,LEGACY_120s,AMP_P2D,Planck Length (m),364
170405-v1,H1,LEGACY_120s,AMP_D2D,Planck Length (m),70
170405-v1,H1,LEGACY_120s,AMP_P2P,Planck Time (s),80
170405-v1,H1,LEGACY_120s,AMP_P2D,Planck Time (s),364
170405-v1,H1,LEGACY_120s,AMP_D2D,Planck Time (s),70
170405-v1,H1,LEGACY_120s,AMP_P2P,Planck Mass (kg),80
170405-v1,H1,LEGACY_120s,AMP_P2D,Planck Mass (kg),364
170405-v1,H1,LEGACY_120s,AMP_D2D,Planck Mass (kg),70
170405-v1,H1,LEGACY_120s,AMP_P2P,Planck Charge (C),80
170405-v1,H1,LEGACY_120s,AMP_P2D,Planck Charge (C),364
170405-v1,H1,LEGACY_120s,AMP_D2D,Planck Charge (C),70
170405-v1,H1,LEGACY_120s,AMP_P2P,Planck Temperature (K),0
170405-v1,H1,LEGACY_120s,AMP_P2D,Planck Temperature (K),0
170405-v1,H1,LEGACY_120s,AMP_D2D,Planck Temperature (K),0
170405-v1,H1,LEGACY_120s,AMP_P2P,Absolute Zero (K),80
170405-v1,H1,LEGACY_120s,AMP_P2D,Absolute Zero (K),364
170405-v1,H1,LEGACY_120s,AMP_D2D,Absolute Zero (K),70
170405-v1,H1,LEGACY_120s,AMP_P2P,Cosmic Microwave Background Temp (K),27
170405-v1,H1,LEGACY_120s,AMP_P2D,Cosmic Microwave Background Temp (K),0
170405-v1,H1,LEGACY_120s,AMP_D2D,Cosmic Microwave Background Temp (K),13
170405-v1,H1,LEGACY_120s,AMP_P2P,Boltzmann Constant (J/K),80
170405-v1,H1,LEGACY_120s,AMP_P2D,Boltzmann Constant (J/K),364
170405-v1,H1,LEGACY_120s,AMP_D2D,Boltzmann Constant (J/K),70
170405-v1,H1,LEGACY_120s,AMP_P2P,Avogadro Constant (1/mol),0
170405-v1,H1,LEGACY_120s,AMP_P2D,Avogadro Constant (1/mol),0
170405-v1,H1,LEGACY_120s,AMP_D2D,Avogadro Constant (1/mol),0
170405-v1,H1,LEGACY_120s,AMP_P2P,Gas Constant R (J/(mol·K)),3
170405-v1,H1,LEGACY_120s,AMP_P2D,Gas Constant R (J/(mol·K)),0
170405-v1,H1,LEGACY_120s,AMP_D2D,Gas Constant R (J/(mol·K)),2
170405-v1,H1,LEGACY_120s,AMP_P2P,Fine-Structure Constant,93
170405-v1,H1,LEGACY_120s,AMP_P2D,Fine-Structure Constant,317
170405-v1,H1,LEGACY_120s,AMP_D2D,Fine-Structure Constant,79
170405-v1,H1,LEGACY_120s,AMP_P2P,Gravitational Constant (m^3 kg^-1 s^-2),80
170405-v1,H1,LEGACY_120s,AMP_P2D,Gravitational Constant (m^3 kg^-1 s^-2),364
170405-v1,H1,LEGACY_120s,AMP_D2D,Gravitational Constant (m^3 kg^-1 s^-2),70
170405-v1,H1,LEGACY_120s,AMP_P2P,Coulomb Constant (N m^2 C^-2),0
170405-v1,H1,LEGACY_120s,AMP_P2D,Coulomb Constant (N m^2 C^-2),0
170405-v1,H1,LEGACY_120s,AMP_D2D,Coulomb Constant (N m^2 C^-2),0
170405-v1,H1,LEGACY_120s,AMP_P2P,Planck Constant (J·s),80
170405-v1,H1,LEGACY_120s,AMP_P2D,Planck Constant (J·s),364
170405-v1,H1,LEGACY_120s,AMP_D2D,Planck Constant (J·s),70
170405-v1,H1,LEGACY_120s,AMP_P2P,Reduced Planck Constant (J·s),80
170405-v1,H1,LEGACY_120s,AMP_P2D,Reduced Planck Constant (J·s),364
170405-v1,H1,LEGACY_120s,AMP_D2D,Reduced Planck Constant (J·s),70
170405-v1,H1,LEGACY_120s,AMP_P2P,Electron Mass (kg),80
170405-v1,H1,LEGACY_120s,AMP_P2D,Electron Mass (kg),364
170405-v1,H1,LEGACY_120s,AMP_D2D,Electron Mass (kg),70
170405-v1,H1,LEGACY_120s,AMP_P2P,Proton Mass (kg),80
170405-v1,H1,LEGACY_120s,AMP_P2D,Proton Mass (kg),364
170405-v1,H1,LEGACY_120s,AMP_D2D,Proton Mass (kg),70
170405-v1,H1,LEGACY_120s,AMP_P2P,Neutron Mass (kg),80
170405-v1,H1,LEGACY_120s,AMP_P2D,Neutron Mass (kg),364
170405-v1,H1,LEGACY_120s,AMP_D2D,Neutron Mass (kg),70
170405-v1,H1,LEGACY_120s,AMP_P2P,Muon Mass (kg),80
170405-v1,H1,LEGACY_120s,AMP_P2D,Muon Mass (kg),364
170405-v1,H1,LEGACY_120s,AMP_D2D,Muon Mass (kg),70
170405-v1,H1,LEGACY_120s,AMP_P2P,Tau Mass (kg),80
170405-v1,H1,LEGACY_120s,AMP_P2D,Tau Mass (kg),364
170405-v1,H1,LEGACY_120s,AMP_D2D,Tau Mass (kg),70
170405-v1,H1,LEGACY_120s,AMP_P2P,Elementary Charge (C),80
170405-v1,H1,LEGACY_120s,AMP_P2D,Elementary Charge (C),364
170405-v1,H1,LEGACY_120s,AMP_D2D,Elementary Charge (C),70
170405-v1,H1,LEGACY_120s,AMP_P2P,Speed of Light (m/s),0
170405-v1,H1,LEGACY_120s,AMP_P2D,Speed of Light (m/s),0
170405-v1,H1,LEGACY_120s,AMP_D2D,Speed of Light (m/s),0
170405-v1,H1,LEGACY_120s,AMP_P2P,Hubble Constant (km/s/Mpc),0
170405-v1,H1,LEGACY_120s,AMP_P2D,Hubble Constant (km/s/Mpc),0
170405-v1,H1,LEGACY_120s,AMP_D2D,Hubble Constant (km/s/Mpc),0
170405-v1,H1,LEGACY_120s,AMP_P2P,Critical Density (kg/m^3),80
170405-v1,H1,LEGACY_120s,AMP_P2D,Critical Density (kg/m^3),364
170405-v1,H1,LEGACY_120s,AMP_D2D,Critical Density (kg/m^3),70
170405-v1,H1,LEGACY_120s,AMP_P2P,Baryon-to-Photon Ratio,80
170405-v1,H1,LEGACY_120s,AMP_P2D,Baryon-to-Photon Ratio,364
170405-v1,H1,LEGACY_120s,AMP_D2D,Baryon-to-Photon Ratio,70
170405-v1,H1,LEGACY_120s,AMP_P2P,Astronomical Unit (m),0
170405-v1,H1,LEGACY_120s,AMP_P2D,Astronomical Unit (m),0
170405-v1,H1,LEGACY_120s,AMP_D2D,Astronomical Unit (m),0
170405-v1,H1,LEGACY_120s,AMP_P2P,Parsec (m),0
170405-v1,H1,LEGACY_120s,AMP_P2D,Parsec (m),0
170405-v1,H1,LEGACY_120s,AMP_D2D,Parsec (m),0
170405-v1,H1,LEGACY_120s,AMP_P2P,Solar Mass (kg),0
170405-v1,H1,LEGACY_120s,AMP_P2D,Solar Mass (kg),0
170405-v1,H1,LEGACY_120s,AMP_D2D,Solar Mass (kg),0
170405-v1,H1,LEGACY_120s,AMP_P2P,Solar Radius (m),0
170405-v1,H1,LEGACY_120s,AMP_P2D,Solar Radius (m),0
170405-v1,H1,LEGACY_120s,AMP_D2D,Solar Radius (m),0
170405-v1,H1,LEGACY_120s,AMP_P2P,Earth Mass (kg),0
170405-v1,H1,LEGACY_120s,AMP_P2D,Earth Mass (kg),0
170405-v1,H1,LEGACY_120s,AMP_D2D,Earth Mass (kg),0
170405-v1,H1,LEGACY_120s,AMP_P2P,Earth Radius (m),0
170405-v1,H1,LEGACY_120s,AMP_P2D,Earth Radius (m),0
170405-v1,H1,LEGACY_120s,AMP_D2D,Earth Radius (m),0
170412-v1,H1,LEGACY_120s,AMP_P2P,Golden Ratio,254
170412-v1,H1,LEGACY_120s,AMP_P2D,Golden Ratio,0
170412-v1,H1,LEGACY_120s,AMP_D2D,Golden Ratio,241
170412-v1,H1,LEGACY_120s,AMP_P2P,Phi Squared,45
170412-v1,H1,LEGACY_120s,AMP_P2D,Phi Squared,0
170412-v1,H1,LEGACY_120s,AMP_D2D,Phi Squared,38
170412-v1,H1,LEGACY_120s,AMP_P2P,Pi,23
170412-v1,H1,LEGACY_120s,AMP_P2D,Pi,0
170412-v1,H1,LEGACY_120s,AMP_D2D,Pi,24
170412-v1,H1,LEGACY_120s,AMP_P2P,Two Pi,3
170412-v1,H1,LEGACY_120s,AMP_P2D,Two Pi,0
170412-v1,H1,LEGACY_120s,AMP_D2D,Two Pi,2
170412-v1,H1,LEGACY_120s,AMP_P2P,Euler’s Number,29
170412-v1,H1,LEGACY_120s,AMP_P2D,Euler’s Number,0
170412-v1,H1,LEGACY_120s,AMP_D2D,Euler’s Number,33
170412-v1,H1,LEGACY_120s,AMP_P2P,Euler–Mascheroni Constant,583
170412-v1,H1,LEGACY_120s,AMP_P2D,Euler–Mascheroni Constant,0
170412-v1,H1,LEGACY_120s,AMP_D2D,Euler–Mascheroni Constant,576
170412-v1,H1,LEGACY_120s,AMP_P2P,Square Root of 2,569
170412-v1,H1,LEGACY_120s,AMP_P2D,Square Root of 2,0
170412-v1,H1,LEGACY_120s,AMP_D2D,Square Root of 2,609
170412-v1,H1,LEGACY_120s,AMP_P2P,Square Root of 3,192
170412-v1,H1,LEGACY_120s,AMP_P2D,Square Root of 3,0
170412-v1,H1,LEGACY_120s,AMP_D2D,Square Root of 3,189
170412-v1,H1,LEGACY_120s,AMP_P2P,Square Root of 5,75
170412-v1,H1,LEGACY_120s,AMP_P2D,Square Root of 5,0
170412-v1,H1,LEGACY_120s,AMP_D2D,Square Root of 5,68
170412-v1,H1,LEGACY_120s,AMP_P2P,Golden Ratio Conjugate,664
170412-v1,H1,LEGACY_120s,AMP_P2D,Golden Ratio Conjugate,0
170412-v1,H1,LEGACY_120s,AMP_D2D,Golden Ratio Conjugate,680
170412-v1,H1,LEGACY_120s,AMP_P2P,Plastic Constant,901
170412-v1,H1,LEGACY_120s,AMP_P2D,Plastic Constant,0
170412-v1,H1,LEGACY_120s,AMP_D2D,Plastic Constant,881
170412-v1,H1,LEGACY_120s,AMP_P2P,Apéry’s Constant (zeta(3)),2289
170412-v1,H1,LEGACY_120s,AMP_P2D,Apéry’s Constant (zeta(3)),0
170412-v1,H1,LEGACY_120s,AMP_D2D,Apéry’s Constant (zeta(3)),2295
170412-v1,H1,LEGACY_120s,AMP_P2P,Catalan’s Constant,12097
170412-v1,H1,LEGACY_120s,AMP_P2D,Catalan’s Constant,0
170412-v1,H1,LEGACY_120s,AMP_D2D,Catalan’s Constant,12136
170412-v1,H1,LEGACY_120s,AMP_P2P,Feigenbaum Delta,8
170412-v1,H1,LEGACY_120s,AMP_P2D,Feigenbaum Delta,0
170412-v1,H1,LEGACY_120s,AMP_D2D,Feigenbaum Delta,10
170412-v1,H1,LEGACY_120s,AMP_P2P,Feigenbaum Alpha,47
170412-v1,H1,LEGACY_120s,AMP_P2D,Feigenbaum Alpha,0
170412-v1,H1,LEGACY_120s,AMP_D2D,Feigenbaum Alpha,44
170412-v1,H1,LEGACY_120s,AMP_P2P,Khinchin’s Constant,36
170412-v1,H1,LEGACY_120s,AMP_P2D,Khinchin’s Constant,0
170412-v1,H1,LEGACY_120s,AMP_D2D,Khinchin’s Constant,31
170412-v1,H1,LEGACY_120s,AMP_P2P,Planck Length (m),75
170412-v1,H1,LEGACY_120s,AMP_P2D,Planck Length (m),1308
170412-v1,H1,LEGACY_120s,AMP_D2D,Planck Length (m),98
170412-v1,H1,LEGACY_120s,AMP_P2P,Planck Time (s),75
170412-v1,H1,LEGACY_120s,AMP_P2D,Planck Time (s),1308
170412-v1,H1,LEGACY_120s,AMP_D2D,Planck Time (s),98
170412-v1,H1,LEGACY_120s,AMP_P2P,Planck Mass (kg),75
170412-v1,H1,LEGACY_120s,AMP_P2D,Planck Mass (kg),1308
170412-v1,H1,LEGACY_120s,AMP_D2D,Planck Mass (kg),98
170412-v1,H1,LEGACY_120s,AMP_P2P,Planck Charge (C),75
170412-v1,H1,LEGACY_120s,AMP_P2D,Planck Charge (C),1308
170412-v1,H1,LEGACY_120s,AMP_D2D,Planck Charge (C),98
170412-v1,H1,LEGACY_120s,AMP_P2P,Planck Temperature (K),0
170412-v1,H1,LEGACY_120s,AMP_P2D,Planck Temperature (K),0
170412-v1,H1,LEGACY_120s,AMP_D2D,Planck Temperature (K),0
170412-v1,H1,LEGACY_120s,AMP_P2P,Absolute Zero (K),75
170412-v1,H1,LEGACY_120s,AMP_P2D,Absolute Zero (K),1308
170412-v1,H1,LEGACY_120s,AMP_D2D,Absolute Zero (K),98
170412-v1,H1,LEGACY_120s,AMP_P2P,Cosmic Microwave Background Temp (K),26
170412-v1,H1,LEGACY_120s,AMP_P2D,Cosmic Microwave Background Temp (K),0
170412-v1,H1,LEGACY_120s,AMP_D2D,Cosmic Microwave Background Temp (K),33
170412-v1,H1,LEGACY_120s,AMP_P2P,Boltzmann Constant (J/K),75
170412-v1,H1,LEGACY_120s,AMP_P2D,Boltzmann Constant (J/K),1308
170412-v1,H1,LEGACY_120s,AMP_D2D,Boltzmann Constant (J/K),98
170412-v1,H1,LEGACY_120s,AMP_P2P,Avogadro Constant (1/mol),0
170412-v1,H1,LEGACY_120s,AMP_P2D,Avogadro Constant (1/mol),0
170412-v1,H1,LEGACY_120s,AMP_D2D,Avogadro Constant (1/mol),0
170412-v1,H1,LEGACY_120s,AMP_P2P,Gas Constant R (J/(mol·K)),1
170412-v1,H1,LEGACY_120s,AMP_P2D,Gas Constant R (J/(mol·K)),0
170412-v1,H1,LEGACY_120s,AMP_D2D,Gas Constant R (J/(mol·K)),3
170412-v1,H1,LEGACY_120s,AMP_P2P,Fine-Structure Constant,86
170412-v1,H1,LEGACY_120s,AMP_P2D,Fine-Structure Constant,1131
170412-v1,H1,LEGACY_120s,AMP_D2D,Fine-Structure Constant,101
170412-v1,H1,LEGACY_120s,AMP_P2P,Gravitational Constant (m^3 kg^-1 s^-2),75
170412-v1,H1,LEGACY_120s,AMP_P2D,Gravitational Constant (m^3 kg^-1 s^-2),1308
170412-v1,H1,LEGACY_120s,AMP_D2D,Gravitational Constant (m^3 kg^-1 s^-2),98
170412-v1,H1,LEGACY_120s,AMP_P2P,Coulomb Constant (N m^2 C^-2),0
170412-v1,H1,LEGACY_120s,AMP_P2D,Coulomb Constant (N m^2 C^-2),0
170412-v1,H1,LEGACY_120s,AMP_D2D,Coulomb Constant (N m^2 C^-2),0
170412-v1,H1,LEGACY_120s,AMP_P2P,Planck Constant (J·s),75
170412-v1,H1,LEGACY_120s,AMP_P2D,Planck Constant (J·s),1308
170412-v1,H1,LEGACY_120s,AMP_D2D,Planck Constant (J·s),98
170412-v1,H1,LEGACY_120s,AMP_P2P,Reduced Planck Constant (J·s),75
170412-v1,H1,LEGACY_120s,AMP_P2D,Reduced Planck Constant (J·s),1308
170412-v1,H1,LEGACY_120s,AMP_D2D,Reduced Planck Constant (J·s),98
170412-v1,H1,LEGACY_120s,AMP_P2P,Electron Mass (kg),75
170412-v1,H1,LEGACY_120s,AMP_P2D,Electron Mass (kg),1308
170412-v1,H1,LEGACY_120s,AMP_D2D,Electron Mass (kg),98
170412-v1,H1,LEGACY_120s,AMP_P2P,Proton Mass (kg),75
170412-v1,H1,LEGACY_120s,AMP_P2D,Proton Mass (kg),1308
170412-v1,H1,LEGACY_120s,AMP_D2D,Proton Mass (kg),98
170412-v1,H1,LEGACY_120s,AMP_P2P,Neutron Mass (kg),75
170412-v1,H1,LEGACY_120s,AMP_P2D,Neutron Mass (kg),1308
170412-v1,H1,LEGACY_120s,AMP_D2D,Neutron Mass (kg),98
170412-v1,H1,LEGACY_120s,AMP_P2P,Muon Mass (kg),75
170412-v1,H1,LEGACY_120s,AMP_P2D,Muon Mass (kg),1308
170412-v1,H1,LEGACY_120s,AMP_D2D,Muon Mass (kg),98
170412-v1,H1,LEGACY_120s,AMP_P2P,Tau Mass (kg),75
170412-v1,H1,LEGACY_120s,AMP_P2D,Tau Mass (kg),1308
170412-v1,H1,LEGACY_120s,AMP_D2D,Tau Mass (kg),98
170412-v1,H1,LEGACY_120s,AMP_P2P,Elementary Charge (C),75
170412-v1,H1,LEGACY_120s,AMP_P2D,Elementary Charge (C),1308
170412-v1,H1,LEGACY_120s,AMP_D2D,Elementary Charge (C),98
170412-v1,H1,LEGACY_120s,AMP_P2P,Speed of Light (m/s),0
170412-v1,H1,LEGACY_120s,AMP_P2D,Speed of Light (m/s),0
170412-v1,H1,LEGACY_120s,AMP_D2D,Speed of Light (m/s),0
170412-v1,H1,LEGACY_120s,AMP_P2P,Hubble Constant (km/s/Mpc),0
170412-v1,H1,LEGACY_120s,AMP_P2D,Hubble Constant (km/s/Mpc),0
170412-v1,H1,LEGACY_120s,AMP_D2D,Hubble Constant (km/s/Mpc),0
170412-v1,H1,LEGACY_120s,AMP_P2P,Critical Density (kg/m^3),75
170412-v1,H1,LEGACY_120s,AMP_P2D,Critical Density (kg/m^3),1308
170412-v1,H1,LEGACY_120s,AMP_D2D,Critical Density (kg/m^3),98
170412-v1,H1,LEGACY_120s,AMP_P2P,Baryon-to-Photon Ratio,75
170412-v1,H1,LEGACY_120s,AMP_P2D,Baryon-to-Photon Ratio,1308
170412-v1,H1,LEGACY_120s,AMP_D2D,Baryon-to-Photon Ratio,98
170412-v1,H1,LEGACY_120s,AMP_P2P,Astronomical Unit (m),0
170412-v1,H1,LEGACY_120s,AMP_P2D,Astronomical Unit (m),0
170412-v1,H1,LEGACY_120s,AMP_D2D,Astronomical Unit (m),0
170412-v1,H1,LEGACY_120s,AMP_P2P,Parsec (m),0
170412-v1,H1,LEGACY_120s,AMP_P2D,Parsec (m),0
170412-v1,H1,LEGACY_120s,AMP_D2D,Parsec (m),0
170412-v1,H1,LEGACY_120s,AMP_P2P,Solar Mass (kg),0
170412-v1,H1,LEGACY_120s,AMP_P2D,Solar Mass (kg),0
170412-v1,H1,LEGACY_120s,AMP_D2D,Solar Mass (kg),0
170412-v1,H1,LEGACY_120s,AMP_P2P,Solar Radius (m),0
170412-v1,H1,LEGACY_120s,AMP_P2D,Solar Radius (m),0
170412-v1,H1,LEGACY_120s,AMP_D2D,Solar Radius (m),0
170412-v1,H1,LEGACY_120s,AMP_P2P,Earth Mass (kg),0
170412-v1,H1,LEGACY_120s,AMP_P2D,Earth Mass (kg),0
170412-v1,H1,LEGACY_120s,AMP_D2D,Earth Mass (kg),0
170412-v1,H1,LEGACY_120s,AMP_P2P,Earth Radius (m),0
170412-v1,H1,LEGACY_120s,AMP_P2D,Earth Radius (m),0
170412-v1,H1,LEGACY_120s,AMP_D2D,Earth Radius (m),0
170423-v1,H1,LEGACY_120s,AMP_P2P,Golden Ratio,226
170423-v1,H1,LEGACY_120s,AMP_P2D,Golden Ratio,0
170423-v1,H1,LEGACY_120s,AMP_D2D,Golden Ratio,243
170423-v1,H1,LEGACY_120s,AMP_P2P,Phi Squared,30
170423-v1,H1,LEGACY_120s,AMP_P2D,Phi Squared,0
170423-v1,H1,LEGACY_120s,AMP_D2D,Phi Squared,35
170423-v1,H1,LEGACY_120s,AMP_P2P,Pi,32
170423-v1,H1,LEGACY_120s,AMP_P2D,Pi,0
170423-v1,H1,LEGACY_120s,AMP_D2D,Pi,28
170423-v1,H1,LEGACY_120s,AMP_P2P,Two Pi,5
170423-v1,H1,LEGACY_120s,AMP_P2D,Two Pi,0
170423-v1,H1,LEGACY_120s,AMP_D2D,Two Pi,9
170423-v1,H1,LEGACY_120s,AMP_P2P,Euler’s Number,37
170423-v1,H1,LEGACY_120s,AMP_P2D,Euler’s Number,0
170423-v1,H1,LEGACY_120s,AMP_D2D,Euler’s Number,37
170423-v1,H1,LEGACY_120s,AMP_P2P,Euler–Mascheroni Constant,474
170423-v1,H1,LEGACY_120s,AMP_P2D,Euler–Mascheroni Constant,0
170423-v1,H1,LEGACY_120s,AMP_D2D,Euler–Mascheroni Constant,492
170423-v1,H1,LEGACY_120s,AMP_P2P,Square Root of 2,436
170423-v1,H1,LEGACY_120s,AMP_P2D,Square Root of 2,0
170423-v1,H1,LEGACY_120s,AMP_D2D,Square Root of 2,446
170423-v1,H1,LEGACY_120s,AMP_P2P,Square Root of 3,173
170423-v1,H1,LEGACY_120s,AMP_P2D,Square Root of 3,0
170423-v1,H1,LEGACY_120s,AMP_D2D,Square Root of 3,167
170423-v1,H1,LEGACY_120s,AMP_P2P,Square Root of 5,61
170423-v1,H1,LEGACY_120s,AMP_P2D,Square Root of 5,0
170423-v1,H1,LEGACY_120s,AMP_D2D,Square Root of 5,65
170423-v1,H1,LEGACY_120s,AMP_P2P,Golden Ratio Conjugate,587
170423-v1,H1,LEGACY_120s,AMP_P2D,Golden Ratio Conjugate,0
170423-v1,H1,LEGACY_120s,AMP_D2D,Golden Ratio Conjugate,612
170423-v1,H1,LEGACY_120s,AMP_P2P,Plastic Constant,762
170423-v1,H1,LEGACY_120s,AMP_P2D,Plastic Constant,0
170423-v1,H1,LEGACY_120s,AMP_D2D,Plastic Constant,712
170423-v1,H1,LEGACY_120s,AMP_P2P,Apéry’s Constant (zeta(3)),1747
170423-v1,H1,LEGACY_120s,AMP_P2D,Apéry’s Constant (zeta(3)),0
170423-v1,H1,LEGACY_120s,AMP_D2D,Apéry’s Constant (zeta(3)),1718
170423-v1,H1,LEGACY_120s,AMP_P2P,Catalan’s Constant,9455
170423-v1,H1,LEGACY_120s,AMP_P2D,Catalan’s Constant,0
170423-v1,H1,LEGACY_120s,AMP_D2D,Catalan’s Constant,9302
170423-v1,H1,LEGACY_120s,AMP_P2P,Feigenbaum Delta,7
170423-v1,H1,LEGACY_120s,AMP_P2D,Feigenbaum Delta,0
170423-v1,H1,LEGACY_120s,AMP_D2D,Feigenbaum Delta,8
170423-v1,H1,LEGACY_120s,AMP_P2P,Feigenbaum Alpha,44
170423-v1,H1,LEGACY_120s,AMP_P2D,Feigenbaum Alpha,0
170423-v1,H1,LEGACY_120s,AMP_D2D,Feigenbaum Alpha,31
170423-v1,H1,LEGACY_120s,AMP_P2P,Khinchin’s Constant,30
170423-v1,H1,LEGACY_120s,AMP_P2D,Khinchin’s Constant,0
170423-v1,H1,LEGACY_120s,AMP_D2D,Khinchin’s Constant,35
170423-v1,H1,LEGACY_120s,AMP_P2P,Planck Length (m),122
170423-v1,H1,LEGACY_120s,AMP_P2D,Planck Length (m),904
170423-v1,H1,LEGACY_120s,AMP_D2D,Planck Length (m),125
170423-v1,H1,LEGACY_120s,AMP_P2P,Planck Time (s),122
170423-v1,H1,LEGACY_120s,AMP_P2D,Planck Time (s),904
170423-v1,H1,LEGACY_120s,AMP_D2D,Planck Time (s),125
170423-v1,H1,LEGACY_120s,AMP_P2P,Planck Mass (kg),122
170423-v1,H1,LEGACY_120s,AMP_P2D,Planck Mass (kg),904
170423-v1,H1,LEGACY_120s,AMP_D2D,Planck Mass (kg),125
170423-v1,H1,LEGACY_120s,AMP_P2P,Planck Charge (C),122
170423-v1,H1,LEGACY_120s,AMP_P2D,Planck Charge (C),904
170423-v1,H1,LEGACY_120s,AMP_D2D,Planck Charge (C),125
170423-v1,H1,LEGACY_120s,AMP_P2P,Planck Temperature (K),0
170423-v1,H1,LEGACY_120s,AMP_P2D,Planck Temperature (K),0
170423-v1,H1,LEGACY_120s,AMP_D2D,Planck Temperature (K),0
170423-v1,H1,LEGACY_120s,AMP_P2P,Absolute Zero (K),122
170423-v1,H1,LEGACY_120s,AMP_P2D,Absolute Zero (K),904
170423-v1,H1,LEGACY_120s,AMP_D2D,Absolute Zero (K),125
170423-v1,H1,LEGACY_120s,AMP_P2P,Cosmic Microwave Background Temp (K),38
170423-v1,H1,LEGACY_120s,AMP_P2D,Cosmic Microwave Background Temp (K),0
170423-v1,H1,LEGACY_120s,AMP_D2D,Cosmic Microwave Background Temp (K),37
170423-v1,H1,LEGACY_120s,AMP_P2P,Boltzmann Constant (J/K),122
170423-v1,H1,LEGACY_120s,AMP_P2D,Boltzmann Constant (J/K),904
170423-v1,H1,LEGACY_120s,AMP_D2D,Boltzmann Constant (J/K),125
170423-v1,H1,LEGACY_120s,AMP_P2P,Avogadro Constant (1/mol),0
170423-v1,H1,LEGACY_120s,AMP_P2D,Avogadro Constant (1/mol),0
170423-v1,H1,LEGACY_120s,AMP_D2D,Avogadro Constant (1/mol),0
170423-v1,H1,LEGACY_120s,AMP_P2P,Gas Constant R (J/(mol·K)),1
170423-v1,H1,LEGACY_120s,AMP_P2D,Gas Constant R (J/(mol·K)),0
170423-v1,H1,LEGACY_120s,AMP_D2D,Gas Constant R (J/(mol·K)),2
170423-v1,H1,LEGACY_120s,AMP_P2P,Fine-Structure Constant,145
170423-v1,H1,LEGACY_120s,AMP_P2D,Fine-Structure Constant,777
170423-v1,H1,LEGACY_120s,AMP_D2D,Fine-Structure Constant,136
170423-v1,H1,LEGACY_120s,AMP_P2P,Gravitational Constant (m^3 kg^-1 s^-2),122
170423-v1,H1,LEGACY_120s,AMP_P2D,Gravitational Constant (m^3 kg^-1 s^-2),904
170423-v1,H1,LEGACY_120s,AMP_D2D,Gravitational Constant (m^3 kg^-1 s^-2),125
170423-v1,H1,LEGACY_120s,AMP_P2P,Coulomb Constant (N m^2 C^-2),0
170423-v1,H1,LEGACY_120s,AMP_P2D,Coulomb Constant (N m^2 C^-2),0
170423-v1,H1,LEGACY_120s,AMP_D2D,Coulomb Constant (N m^2 C^-2),0
170423-v1,H1,LEGACY_120s,AMP_P2P,Planck Constant (J·s),122
170423-v1,H1,LEGACY_120s,AMP_P2D,Planck Constant (J·s),904
170423-v1,H1,LEGACY_120s,AMP_D2D,Planck Constant (J·s),125
170423-v1,H1,LEGACY_120s,AMP_P2P,Reduced Planck Constant (J·s),122
170423-v1,H1,LEGACY_120s,AMP_P2D,Reduced Planck Constant (J·s),904
170423-v1,H1,LEGACY_120s,AMP_D2D,Reduced Planck Constant (J·s),125
170423-v1,H1,LEGACY_120s,AMP_P2P,Electron Mass (kg),122
170423-v1,H1,LEGACY_120s,AMP_P2D,Electron Mass (kg),904
170423-v1,H1,LEGACY_120s,AMP_D2D,Electron Mass (kg),125
170423-v1,H1,LEGACY_120s,AMP_P2P,Proton Mass (kg),122
170423-v1,H1,LEGACY_120s,AMP_P2D,Proton Mass (kg),904
170423-v1,H1,LEGACY_120s,AMP_D2D,Proton Mass (kg),125
170423-v1,H1,LEGACY_120s,AMP_P2P,Neutron Mass (kg),122
170423-v1,H1,LEGACY_120s,AMP_P2D,Neutron Mass (kg),904
170423-v1,H1,LEGACY_120s,AMP_D2D,Neutron Mass (kg),125
170423-v1,H1,LEGACY_120s,AMP_P2P,Muon Mass (kg),122
170423-v1,H1,LEGACY_120s,AMP_P2D,Muon Mass (kg),904
170423-v1,H1,LEGACY_120s,AMP_D2D,Muon Mass (kg),125
170423-v1,H1,LEGACY_120s,AMP_P2P,Tau Mass (kg),122
170423-v1,H1,LEGACY_120s,AMP_P2D,Tau Mass (kg),904
170423-v1,H1,LEGACY_120s,AMP_D2D,Tau Mass (kg),125
170423-v1,H1,LEGACY_120s,AMP_P2P,Elementary Charge (C),122
170423-v1,H1,LEGACY_120s,AMP_P2D,Elementary Charge (C),904
170423-v1,H1,LEGACY_120s,AMP_D2D,Elementary Charge (C),125
170423-v1,H1,LEGACY_120s,AMP_P2P,Speed of Light (m/s),0
170423-v1,H1,LEGACY_120s,AMP_P2D,Speed of Light (m/s),0
170423-v1,H1,LEGACY_120s,AMP_D2D,Speed of Light (m/s),0
170423-v1,H1,LEGACY_120s,AMP_P2P,Hubble Constant (km/s/Mpc),0
170423-v1,H1,LEGACY_120s,AMP_P2D,Hubble Constant (km/s/Mpc),0
170423-v1,H1,LEGACY_120s,AMP_D2D,Hubble Constant (km/s/Mpc),0
170423-v1,H1,LEGACY_120s,AMP_P2P,Critical Density (kg/m^3),122
170423-v1,H1,LEGACY_120s,AMP_P2D,Critical Density (kg/m^3),904
170423-v1,H1,LEGACY_120s,AMP_D2D,Critical Density (kg/m^3),125
170423-v1,H1,LEGACY_120s,AMP_P2P,Baryon-to-Photon Ratio,122
170423-v1,H1,LEGACY_120s,AMP_P2D,Baryon-to-Photon Ratio,904
170423-v1,H1,LEGACY_120s,AMP_D2D,Baryon-to-Photon Ratio,125
170423-v1,H1,LEGACY_120s,AMP_P2P,Astronomical Unit (m),0
170423-v1,H1,LEGACY_120s,AMP_P2D,Astronomical Unit (m),0
170423-v1,H1,LEGACY_120s,AMP_D2D,Astronomical Unit (m),0
170423-v1,H1,LEGACY_120s,AMP_P2P,Parsec (m),0
170423-v1,H1,LEGACY_120s,AMP_P2D,Parsec (m),0
170423-v1,H1,LEGACY_120s,AMP_D2D,Parsec (m),0
170423-v1,H1,LEGACY_120s,AMP_P2P,Solar Mass (kg),0
170423-v1,H1,LEGACY_120s,AMP_P2D,Solar Mass (kg),0
170423-v1,H1,LEGACY_120s,AMP_D2D,Solar Mass (kg),0
170423-v1,H1,LEGACY_120s,AMP_P2P,Solar Radius (m),0
170423-v1,H1,LEGACY_120s,AMP_P2D,Solar Radius (m),0
170423-v1,H1,LEGACY_120s,AMP_D2D,Solar Radius (m),0
170423-v1,H1,LEGACY_120s,AMP_P2P,Earth Mass (kg),0
170423-v1,H1,LEGACY_120s,AMP_P2D,Earth Mass (kg),0
170423-v1,H1,LEGACY_120s,AMP_D2D,Earth Mass (kg),0
170423-v1,H1,LEGACY_120s,AMP_P2P,Earth Radius (m),0
170423-v1,H1,LEGACY_120s,AMP_P2D,Earth Radius (m),0
170423-v1,H1,LEGACY_120s,AMP_D2D,Earth Radius (m),0
